Workbook

Sheet Kraftwerksliste_Miri
A1: Teil der Merit-Order? | B1: MaStR-Nr. | C1: ÜNB | D1: Status | E1: Anlagenbetreiber | F1: Anzeige-Name | G1: PLZ der Einheit | H1: Ort der Einheit | I1: Straße und Hausnummer der Einheit | J1: Bundesland der Einheit | K1: Datum der erstmaligen Inbetriebnahme der Einheit | L1: Energieträger | M1: Hauptbrennstoff | N1: Auswertung Energieträger | O1: Wärmeauskopplung (KW) ja/nein | P1: Technologie der Stromerzeugung | Q1: Angenommener Hauptenergieträger | R1: Zuordnung Kraftwerkstyp | S1: Effizienz | T1: Quelle Effizienz | U1: Bruttoleistung [MW] | V1: Netto-Nennleistung (elektrische Wirkleistung) [MW] | W1: Mittlere verfügbare Netto-Nennleistung [MW] | X1: Brennstoffkosten (inkl. Transport) [EUR/MWHth] | Y1: Grenzkosten [EUR/MWHel]
A2: Ja | B2: SEE987512757786 | C2: =VLOOKUP(B2,Tabelle3!A:C,2,FALSE) -> Nord | D2: In Betrieb | E2: ArcelorMittal Eisenhüttenstadt GmbH | F2: IKW Block 8 | G2: 15890 | H2: Eisenhüttenstadt | I2: Jugendstraße 1 | J2: Brandenburg | K2: 19725 | L2: Erdgas | M2: Erdgas, Erdölgas | N2: Erdgas | O2: Ja | P2: Gasturbinen mit nachgeschalteter Dampfturbine | Q2: Erdgas | R2: Gasturbine | S2: 0.33 | T2: Annahme basierend auf DIW (2014) | U2: 89.717 | V2: 88.11 | W2: 76.6557 | X2: 40.69 | Y2: 166.54348
A3: Ja | B3: SEE961788817153 | C3: =VLOOKUP(B3,Tabelle3!A:C,2,FALSE) -> Nord | D3: In Betrieb | E3: BASF Schwarzheide GmbH | F3: DT2 | G3: 01987 | H3: Schwarzheide | I3: Schipkauer Straße 1 | J3: Brandenburg | K3: 35769 | L3: Erdgas | M3: Erdgas, Erdölgas | N3: Erdgas | O3: Nein | P3: Kondensationsmaschine ohne Entnahme | Q3: Erdgas | R3: GuD | S3: 0.513 | T3: OPSD (2020) | U3: 12.3 | V3: 12 | W3: 10.44 | X3: 40.69 | Y3: 107.98996
A4: Ja | B4: SEE971164680486 | C4: =VLOOKUP(B4,Tabelle3!A:C,2,FALSE) -> Nord | D4: In Betrieb | E4: BASF Schwarzheide GmbH | F4: DT1 | G4: 01987 | H4: Schwarzheide | I4: Schipkauer Straße 1 | J4: Brandenburg | K4: 34666 | L4: Erdgas | M4: Erdgas, Erdölgas | N4: Erdgas | O4: Ja | P4: Gegendruckmaschine mit Entnahme | Q4: Erdgas | R4: GuD | S4: 0.513 | T4: OPSD (2020) | U4: 25.84 | V4: 25.517 | W4: 22.19979 | X4: 40.69 | Y4: 107.98996
A5: Ja | B5: SEE918705951896 | C5: =VLOOKUP(B5,Tabelle3!A:C,2,FALSE) -> Nord | D5: In Betrieb | E5: BASF Schwarzheide GmbH | F5: GT2 | G5: 01987 | H5: Schwarzheide | I5: Schipkauer Straße 1 | J5: Brandenburg | K5: 34666 | L5: Erdgas | M5: Erdgas, Erdölgas | N5: Erdgas | O5: Ja | P5: Gasturbinen mit nachgeschalteter Dampfturbine | Q5: Erdgas | R5: Gasturbine | S5: 0.513 | T5: OPSD (2020) | U5: 40.94 | V5: 40.428 | W5: 35.17236 | X5: 40.69 | Y5: 107.48996
A6: Ja | B6: SEE904165703137 | C6: =VLOOKUP(B6,Tabelle3!A:C,2,FALSE) -> Nord | D6: In Betrieb | E6: BASF Schwarzheide GmbH | F6: GT1 | G6: 01987 | H6: Schwarzheide | I6: Schipkauer Straße 1 | J6: Brandenburg | K6: 34666 | L6: Erdgas | M6: Erdgas, Erdölgas | N6: Erdgas | O6: Ja | P6: Gasturbinen mit nachgeschalteter Dampfturbine | Q6: Erdgas | R6: Gasturbine | S6: 0.513 | T6: OPSD (2020) | U6: 52 | V6: 51.35 | W6: 44.6745 | X6: 40.69 | Y6: 107.48996
A7: Ja | B7: SEE963909310185 | C7: Nord | D7: In Betrieb | E7: BEW Berliner Energie und Wärme AG | F7: HKW Moabit Gasturbine 5 | G7: 13353 | H7: Berlin | I7: Friedrich-Krause-Ufer 42278 | J7: Berlin | K7: 26236 | L7: Mineralölprodukte | M7: Heizöl, leicht | N7: Mineralölprodukte | O7: Nein | P7: Gasturbinen ohne Abhitzekessel | Q7: Öl | R7: Öl | S7: 0.3046 | T7: OPSD (2020) | U7: 17 | V7: 17 | W7: 14.45 | X7: 95.89 | Y7: 379.55548
A8: Ja | B8: SEE992645841813 | C8: Nord | D8: In Betrieb | E8: BEW Berliner Energie und Wärme AG | F8: HKW Moabit Gasturbine 6 | G8: 13353 | H8: Berlin | I8: Friedrich-Krause-Ufer 42278 | J8: Berlin | K8: 26264 | L8: Mineralölprodukte | M8: Heizöl, leicht | N8: Mineralölprodukte | O8: Nein | P8: Gasturbinen ohne Abhitzekessel | Q8: Öl | R8: Öl | S8: 0.3046 | T8: OPSD (2020) | U8: 17 | V8: 17 | W8: 14.45 | X8: 95.89 | Y8: 379.55548
A9: Ja | B9: SEE988848971327 | C9: =VLOOKUP(B9,Tabelle3!A:C,2,FALSE) -> Nord | D9: In Betrieb | E9: BEW Berliner Energie und Wärme AG | F9: HKW Reuter, Dampfturbine M | G9: 13599 | H9: Berlin | I9: Otternbuchtstraße 11 | J9: Berlin | K9: 35830 | L9: Wärme | M9: Dampf (zum Beispiel Prozesswärme) | N9: Wärme | O9: Ja | P9: Gegendruckmaschine mit Entnahme | Q9: Sonstige | R9: Sonstige | S9: 0.33 | T9: OPSD (2020) | U9: 36.36 | V9: 36 | W9: 30.6 | X9: 95.59 | Y9: 335.63909
A10: Ja | B10: SEE997719859992 | C10: Nord | D10: In Betrieb | E10: BEW Berliner Energie und Wärme AG | F10: HKW Klingenberg Dampfturbine 1 | G10: 10317 | H10: Berlin | I10: Köpenicker Chaussee 42-45 | J10: Berlin | K10: 29811 | L10: Erdgas | M10: Erdgas, Erdölgas | N10: Erdgas | O10: Ja | P10: Gegendruckmaschine mit Entnahme | Q10: Erdgas | R10: GuD | S10: 0.4037 | T10: OPSD (2020) | U10: 60 | V10: 52 | W10: 45.24 | X10: 40.69 | Y10: 136.82165
A11: Ja | B11: SEE988684097793 | C11: Nord | D11: In Betrieb | E11: BEW Berliner Energie und Wärme AG | F11: HKW Klingenberg Dampfturbine 2 | G11: 10317 | H11: Berlin | I11: Köpenicker Chaussee 42-45 | J11: Berlin | K11: 29914 | L11: Erdgas | M11: Erdgas, Erdölgas | N11: Erdgas | O11: Ja | P11: Gegendruckmaschine mit Entnahme | Q11: Erdgas | R11: GuD | S11: 0.4037 | T11: OPSD (2020) | U11: 64 | V11: 56 | W11: 48.72 | X11: 40.69 | Y11: 136.82165
A12: Ja | B12: SEE965333653821 | C12: Nord | D12: In Betrieb | E12: BEW Berliner Energie und Wärme AG | F12: HKW Klingenberg Dampfturbine 3 | G12: 10317 | H12: Berlin | I12: Köpenicker Chaussee 42-45 | J12: Berlin | K12: 30182 | L12: Erdgas | M12: Erdgas, Erdölgas | N12: Erdgas | O12: Ja | P12: Gegendruckmaschine mit Entnahme | Q12: Erdgas | R12: GuD | S12: 0.4037 | T12: OPSD (2020) | U12: 64 | V12: 56 | W12: 48.72 | X12: 40.69 | Y12: 136.82165
A13: Ja | B13: SEE982928435068 | C13: =VLOOKUP(B13,Tabelle3!A:C,2,FALSE) -> Nord | D13: In Betrieb | E13: BEW Berliner Energie und Wärme AG | F13: GuD Marzahn Dampfturbine | G13: 12681 | H13: Berlin | I13: Allee der Kosmonauten 26 B | J13: Berlin | K13: 43958 | L13: Wärme | M13: Dampf (zum Beispiel Prozesswärme) | N13: Wärme | O13: Ja | P13: Kondensationsmaschine mit Entnahme | Q13: Sonstige | R13: Sonstige | S13: 0.365 | T13: https://www.siemens-energy.com/global/en/offerings/power-generation/gas-turbines/sgt5-2000e.html | U13: 70.5 | V13: 69.3 | W13: 58.905 | X13: 95.59 | Y13: 303.55041
A14: Ja | B14: SEE926090463146 | C14: Nord | D14: In Betrieb | E14: BEW Berliner Energie und Wärme AG | F14: HKW Charlottenburg Gasturbine 4 | G14: 10589 | H14: Berlin | I14: Am Spreebord 5 | J14: Berlin | K14: 27793 | L14: Erdgas | M14: Erdgas, Erdölgas | N14: Erdgas | O14: Ja | P14: Gasturbinen mit Abhitzekessel | Q14: Erdgas | R14: GuD | S14: 0.3575 | T14: OPSD (2020) | U14: 73 | V14: 72 | W14: 62.64 | X14: 40.69 | Y14: 154.30937
A15: Ja | B15: SEE962934119541 | C15: Nord | D15: In Betrieb | E15: BEW Berliner Energie und Wärme AG | F15: HKW Charlottenburg Gasturbine 5 | G15: 10589 | H15: Berlin | I15: Am Spreebord 5 | J15: Berlin | K15: 27992 | L15: Erdgas | M15: Erdgas, Erdölgas | N15: Erdgas | O15: Ja | P15: Gasturbinen mit Abhitzekessel | Q15: Erdgas | R15: GuD | S15: 0.3575 | T15: OPSD (2020) | U15: 73 | V15: 72 | W15: 62.64 | X15: 40.69 | Y15: 154.30937
A16: Ja | B16: SEE981109871657 | C16: Nord | D16: In Betrieb | E16: BEW Berliner Energie und Wärme AG | F16: HKW Moabit Dampfturbine | G16: 13353 | H16: Berlin | I16: Friedrich-Krause-Ufer 42278 | J16: Berlin | K16: 32931 | L16: Steinkohle | M16: Steinkohlen | N16: Steinkohle | O16: Ja | P16: Kondensationsmaschine mit Entnahme | Q16: Steinkohle | R16: Steinkohle | S16: 0.4 | T16: OPSD (2020) | U16: 100 | V16: 89 | W16: 71.2 | X16: 15.55 | Y16: 98.602375
A17: Ja | B17: SEE929077603696 | C17: =VLOOKUP(B17,Tabelle3!A:C,2,FALSE) -> Nord | D17: In Betrieb | E17: BEW Berliner Energie und Wärme AG | F17: GuD Lichterfelde Dampfturbine | G17: 12207 | H17: Berlin | I17: Ostpreußendamm 61 | J17: Berlin | K17: 43566 | L17: Wärme | M17: Dampf (zum Beispiel Prozesswärme) | N17: Wärme | O17: Ja | P17: Kondensationsmaschine mit Entnahme | Q17: Sonstige | R17: Sonstige | S17: 0.4059 | T17: OPSD (2020) | U17: 125 | V17: 115 | W17: 97.75 | X17: 95.59 | Y17: 273.0643
A18: Ja | B18: SEE992187994404 | C18: =VLOOKUP(B18,Tabelle3!A:C,2,FALSE) -> Nord | D18: In Betrieb | E18: BEW Berliner Energie und Wärme AG | F18: HKW Mitte Dampfturbine | G18: 10179 | H18: Berlin | I18: Köpenicker Straße 60 | J18: Berlin | K18: 35681 | L18: Wärme | M18: Dampf (zum Beispiel Prozesswärme) | N18: Wärme | O18: Ja | P18: Gegendruckmaschine mit Entnahme | Q18: Sonstige | R18: Sonstige | S18: 0.49 | T18: OPSD (2020) | U18: 117.16 | V18: 116 | W18: 98.6 | X18: 95.59 | Y18: 226.36918
A19: Ja | B19: SEE904819420762 | C19: =VLOOKUP(B19,Tabelle3!A:C,2,FALSE) -> Nord | D19: In Betrieb | E19: BEW Berliner Energie und Wärme AG | F19: HKW Mitte Gasturbine 1 | G19: 10179 | H19: Berlin | I19: Köpenicker Straße 60 | J19: Berlin | K19: 35681 | L19: Erdgas | M19: Erdgas, Erdölgas | N19: Erdgas | O19: Ja | P19: Gasturbinen mit Abhitzekessel | Q19: Erdgas | R19: GuD | S19: 0.49 | T19: OPSD (2020) | U19: 172 | V19: 164 | W19: 142.68 | X19: 40.69 | Y19: 112.98847
A20: Ja | B20: SEE948541471333 | C20: =VLOOKUP(B20,Tabelle3!A:C,2,FALSE) -> Nord | D20: In Betrieb | E20: BEW Berliner Energie und Wärme AG | F20: HKW Mitte Gasturbine 2 | G20: 10179 | H20: Berlin | I20: Köpenicker Straße 60 | J20: Berlin | K20: 35681 | L20: Erdgas | M20: Erdgas, Erdölgas | N20: Erdgas | O20: Ja | P20: Gasturbinen mit Abhitzekessel | Q20: Erdgas | R20: GuD | S20: 0.49 | T20: OPSD (2020) | U20: 172 | V20: 164 | W20: 142.68 | X20: 40.69 | Y20: 112.98847
A21: Ja | B21: SEE923401813959 | C21: =VLOOKUP(B21,Tabelle3!A:C,2,FALSE) -> Nord | D21: In Betrieb | E21: BEW Berliner Energie und Wärme AG | F21: GuD Lichterfelde Gasturbine | G21: 12207 | H21: Berlin | I21: Ostpreußendamm 61 | J21: Berlin | K21: 43566 | L21: Erdgas | M21: Erdgas, Erdölgas | N21: Erdgas | O21: Ja | P21: Kondensationsmaschine mit Entnahme | Q21: Erdgas | R21: GuD | S21: 0.4059 | T21: OPSD (2020) | U21: 190 | V21: 185 | W21: 160.95 | X21: 40.69 | Y21: 136.0882
A22: Ja | B22: SEE937536026146 | C22: =VLOOKUP(B22,Tabelle3!A:C,2,FALSE) -> Nord | D22: In Betrieb | E22: BEW Berliner Energie und Wärme AG | F22: GuD Marzahn Gasturbine | G22: 12681 | H22: Berlin | I22: Allee der Kosmonauten 26 B | J22: Berlin | K22: 43958 | L22: Erdgas | M22: Erdgas, Erdölgas | N22: Erdgas | O22: Ja | P22: Gasturbinen mit nachgeschalteter Dampfturbine | Q22: Erdgas | R22: Gasturbine | S22: 0.6 | T22: eigene Annahme | U22: 196 | V22: 189.5 | W22: 164.865 | X22: 40.69 | Y22: 92.048917
A23: Ja | B23: SEE974883809046 | C23: Nord | D23: In Betrieb | E23: BEW Berliner Energie und Wärme AG | F23: HKW Reuter West Dampfturbine E | G23: 13599 | H23: Berlin | I23: Großer Spreering 5 | J23: Berlin | K23: 32356 | L23: Steinkohle | M23: Steinkohlen | N23: Steinkohle | O23: Ja | P23: Kondensationsmaschine mit Entnahme | Q23: Steinkohle | R23: Steinkohle | S23: 0.4 | T23: OPSD (2020) | U23: 300 | V23: 282 | W23: 225.6 | X23: 15.55 | Y23: 98.602375
A24: Ja | B24: SEE989328541450 | C24: Nord | D24: In Betrieb | E24: BEW Berliner Energie und Wärme AG | F24: HKW Reuter West Dampfturbine D | G24: 13599 | H24: Berlin | I24: Großer Spreering 5 | J24: Berlin | K24: 32125 | L24: Steinkohle | M24: Steinkohlen | N24: Steinkohle | O24: Ja | P24: Kondensationsmaschine mit Entnahme | Q24: Steinkohle | R24: Steinkohle | S24: 0.4 | T24: OPSD (2020) | U24: 300 | V24: 282 | W24: 225.6 | X24: 15.55 | Y24: 98.602375
A25: Ja | B25: SEE941053107073 | C25: =VLOOKUP(B25,Tabelle3!A:C,2,FALSE) -> Nord | D25: In Betrieb | E25: Cargill Deutschland GmbH | F25: Stromerzeugung Barby | G25: 39249 | H25: Barby | I25: Monplaisirstraße 22 | J25: Sachsen-Anhalt | K25: 41403 | L25: Erdgas | M25: Erdgas, Erdölgas | N25: Erdgas | O25: Ja | P25: Gasturbinen mit Abhitzekessel | Q25: Erdgas | R25: GuD | S25: 0.3784 | T25: OPSD (2020) | U25: 17.951 | V25: 17.78 | W25: 15.4686 | X25: 40.69 | Y25: 145.86932
A26: Ja | B26: SEE905257392765 | C26: =VLOOKUP(B26,Tabelle3!A:C,2,FALSE) -> Nord | D26: In Betrieb | E26: Cosun Beet Company GmbH & Co. KG | F26: Kesselhaus | G26: 17389 | H26: Anklam | I26: Bluthsluster Straße 24 | J26: Mecklenburg-Vorpommern | K26: 34238 | L26: Erdgas | M26: Erdgas, Erdölgas | N26: Erdgas | O26: Ja | P26: Gegendruckmaschine mit Entnahme | Q26: Erdgas | R26: GuD | S26: 0.3773 | T26: OPSD (2020) | U26: 16 | V26: 15 | W26: 13.05 | X26: 40.69 | Y26: 146.29022
A27: Ja | B27: SEE907667929555 | C27: =VLOOKUP(B27,Tabelle3!A:C,2,FALSE) -> Nord | D27: In Betrieb | E27: DREWAG - Stadtwerke Dresden GmbH | F27: HKW Dresden-Nord | G27: 01099 | H27: Dresden | I27: Hermann-Mende-Straße 2 | J27: Sachsen | K27: 43441 | L27: Erdgas | M27: Erdgas, Erdölgas | N27: Erdgas | O27: Ja | P27: Gasturbinen mit Abhitzekessel | Q27: Erdgas | R27: GuD | S27: 0.4048 | T27: OPSD (2020) | U27: 12 | V27: 11.5 | W27: 10.005 | X27: 40.69 | Y27: 136.45393
A28: Ja | B28: SEE965660903200 | C28: =VLOOKUP(B28,Tabelle3!A:C,2,FALSE) -> Nord | D28: In Betrieb | E28: DREWAG - Stadtwerke Dresden GmbH | F28: Gasmotoren-Heizkraftwerk Dresden-Reick - Aggregat I | G28: 01277 | H28: Dresden | I28: Liebstädter Straße 1 | J28: Sachsen | K28: 44610 | L28: Erdgas | M28: Erdgas, Erdölgas | N28: Erdgas | O28: Ja | P28: Verbrennungsmotor | Q28: Erdgas | R28: GuD | S28: 0.63 | T28: Annahme basierend auf DIW (2014) | U28: 11.76 | V28: 11.5 | W28: 10.005 | X28: 40.69 | Y28: 88.213254
A29: Ja | B29: SEE985036646654 | C29: =VLOOKUP(B29,Tabelle3!A:C,2,FALSE) -> Nord | D29: In Betrieb | E29: DREWAG - Stadtwerke Dresden GmbH | F29: Gasmotoren-Heizkraftwerk Dresden-Reick - Aggregat II | G29: 01277 | H29: Dresden | I29: Liebstädter Straße 1 | J29: Sachsen | K29: 44610 | L29: Erdgas | M29: Erdgas, Erdölgas | N29: Erdgas | O29: Ja | P29: Verbrennungsmotor | Q29: Erdgas | R29: GuD | S29: 0.63 | T29: Annahme basierend auf DIW (2014) | U29: 11.76 | V29: 11.5 | W29: 10.005 | X29: 40.69 | Y29: 88.213254
A30: Ja | B30: SEE930647914081 | C30: =VLOOKUP(B30,Tabelle3!A:C,2,FALSE) -> Nord | D30: In Betrieb | E30: DREWAG - Stadtwerke Dresden GmbH | F30: Gasmotoren-Heizkraftwerk Dresden-Reick - Aggregat III | G30: 01277 | H30: Dresden | I30: Liebstädter Straße 1 | J30: Sachsen | K30: 44610 | L30: Erdgas | M30: Erdgas, Erdölgas | N30: Erdgas | O30: Ja | P30: Verbrennungsmotor | Q30: Erdgas | R30: GuD | S30: 0.63 | T30: Annahme basierend auf DIW (2014) | U30: 11.76 | V30: 11.5 | W30: 10.005 | X30: 40.69 | Y30: 88.213254
A31: Ja | B31: SEE962395118756 | C31: =VLOOKUP(B31,Tabelle3!A:C,2,FALSE) -> Nord | D31: In Betrieb | E31: DREWAG - Stadtwerke Dresden GmbH | F31: Gasmotoren-Heizkraftwerk Dresden-Reick - Aggregat IV | G31: 01277 | H31: Dresden | I31: Liebstädter Straße 1 | J31: Sachsen | K31: 44610 | L31: Erdgas | M31: Erdgas, Erdölgas | N31: Erdgas | O31: Ja | P31: Verbrennungsmotor | Q31: Erdgas | R31: GuD | S31: 0.63 | T31: Annahme basierend auf DIW (2014) | U31: 11.76 | V31: 11.5 | W31: 10.005 | X31: 40.69 | Y31: 88.213254
A32: Ja | B32: SEE924562445072 | C32: =VLOOKUP(B32,Tabelle3!A:C,2,FALSE) -> Nord | D32: In Betrieb | E32: DREWAG - Stadtwerke Dresden GmbH | F32: Gasmotoren-Heizkraftwerk Dresden-Reick - Aggregat V | G32: 01277 | H32: Dresden | I32: Liebstädter Straße 1 | J32: Sachsen | K32: 44610 | L32: Erdgas | M32: Erdgas, Erdölgas | N32: Erdgas | O32: Ja | P32: Verbrennungsmotor | Q32: Erdgas | R32: GuD | S32: 0.63 | T32: Annahme basierend auf DIW (2014) | U32: 11.76 | V32: 11.5 | W32: 10.005 | X32: 40.69 | Y32: 88.213254
A33: Ja | B33: SEE963438570067 | C33: =VLOOKUP(B33,Tabelle3!A:C,2,FALSE) -> Nord | D33: In Betrieb | E33: DREWAG - Stadtwerke Dresden GmbH | F33: Gasmotoren-Heizkraftwerk Dresden-Reick - Aggregat VI | G33: 01277 | H33: Dresden | I33: Liebstädter Straße 1 | J33: Sachsen | K33: 44610 | L33: Erdgas | M33: Erdgas, Erdölgas | N33: Erdgas | O33: Ja | P33: Verbrennungsmotor | Q33: Erdgas | R33: GuD | S33: 0.63 | T33: Annahme basierend auf DIW (2014) | U33: 11.76 | V33: 11.5 | W33: 10.005 | X33: 40.69 | Y33: 88.213254
A34: Ja | B34: SEE939899660715 | C34: =VLOOKUP(B34,Tabelle3!A:C,2,FALSE) -> Nord | D34: In Betrieb | E34: DREWAG - Stadtwerke Dresden GmbH | F34: Gasmotoren-Heizkraftwerk Dresden-Reick - Aggregat VII | G34: 01277 | H34: Dresden | I34: Liebstädter Straße 1 | J34: Sachsen | K34: 44610 | L34: Erdgas | M34: Erdgas, Erdölgas | N34: Erdgas | O34: Ja | P34: Verbrennungsmotor | Q34: Erdgas | R34: GuD | S34: 0.63 | T34: Annahme basierend auf DIW (2014) | U34: 11.76 | V34: 11.5 | W34: 10.005 | X34: 40.69 | Y34: 88.213254
A35: Ja | B35: SEE923793340132 | C35: =VLOOKUP(B35,Tabelle3!A:C,2,FALSE) -> Nord | D35: In Betrieb | E35: DREWAG - Stadtwerke Dresden GmbH | F35: Gasmotoren-Heizkraftwerk Dresden-Reick - Aggregat VIII | G35: 01277 | H35: Dresden | I35: Liebstädter Straße 1 | J35: Sachsen | K35: 44610 | L35: Erdgas | M35: Erdgas, Erdölgas | N35: Erdgas | O35: Ja | P35: Verbrennungsmotor | Q35: Erdgas | R35: GuD | S35: 0.63 | T35: Annahme basierend auf DIW (2014) | U35: 11.76 | V35: 11.5 | W35: 10.005 | X35: 40.69 | Y35: 88.213254
A36: Ja | B36: SEE967194778880 | C36: =VLOOKUP(B36,Tabelle3!A:C,2,FALSE) -> Nord | D36: In Betrieb | E36: DREWAG - Stadtwerke Dresden GmbH | F36: GT1 | G36: 01159 | H36: Dresden | I36: Oederaner Straße 21 | J36: Sachsen | K36: 34803 | L36: Erdgas | M36: Erdgas, Erdölgas | N36: Erdgas | O36: Ja | P36: Gasturbinen mit nachgeschalteter Dampfturbine | Q36: Erdgas | R36: Gasturbine | S36: 0.5175 | T36: OPSD (2020) | U36: 65 | V36: 62 | W36: 53.94 | X36: 40.69 | Y36: 106.56396
A37: Ja | B37: SEE968254365774 | C37: =VLOOKUP(B37,Tabelle3!A:C,2,FALSE) -> Nord | D37: In Betrieb | E37: DREWAG - Stadtwerke Dresden GmbH | F37: GT2 | G37: 01159 | H37: Dresden | I37: Oederaner Straße 21 | J37: Sachsen | K37: 34772 | L37: Erdgas | M37: Erdgas, Erdölgas | N37: Erdgas | O37: Ja | P37: Gasturbinen mit nachgeschalteter Dampfturbine | Q37: Erdgas | R37: Gasturbine | S37: 0.5175 | T37: OPSD (2020) | U37: 65 | V37: 62 | W37: 53.94 | X37: 40.69 | Y37: 106.56396
A38: Ja | B38: SEE901410470721 | C38: =VLOOKUP(B38,Tabelle3!A:C,2,FALSE) -> Nord | D38: In Betrieb | E38: DREWAG - Stadtwerke Dresden GmbH | F38: GT3 | G38: 01159 | H38: Dresden | I38: Oederaner Straße 21 | J38: Sachsen | K38: 34787 | L38: Erdgas | M38: Erdgas, Erdölgas | N38: Erdgas | O38: Ja | P38: Gasturbinen mit nachgeschalteter Dampfturbine | Q38: Erdgas | R38: Gasturbine | S38: 0.5175 | T38: OPSD (2020) | U38: 65 | V38: 62 | W38: 53.94 | X38: 40.69 | Y38: 106.56396
A39: Ja | B39: SEE950477241393 | C39: =VLOOKUP(B39,Tabelle3!A:C,2,FALSE) -> Nord | D39: In Betrieb | E39: DREWAG - Stadtwerke Dresden GmbH | F39: DT | G39: 01159 | H39: Dresden | I39: Oederaner Straße 21 | J39: Sachsen | K39: 34810 | L39: Erdgas | M39: Erdgas, Erdölgas | N39: Erdgas | O39: Ja | P39: Gegendruckmaschine mit Entnahme | Q39: Erdgas | R39: GuD | S39: 0.407 | T39: Annahme basierend auf DIW (2014) | U39: 75 | V39: 74 | W39: 64.38 | X39: 40.69 | Y39: 135.72445
A40: Ja | B40: SEE932949912406 | C40: Nord | D40: In Betrieb | E40: e.distherm Energielösungen GmbH | F40: Energiezentrale Notstrom | G40: 12529 | H40: Schönefeld | I40: Hugo-Eckener-Allee 12 | J40: Brandenburg | K40: 40368 | L40: Mineralölprodukte | M40: Heizöl, leicht | N40: Mineralölprodukte | O40: Nein | P40: Verbrennungsmotor | Q40: Öl | R40: Öl | S40: 0.406 | T40: Annahme basierend auf DIW (2014) | U40: 14.52 | V40: 14.52 | W40: 12.342 | X40: 95.89 | Y40: 285.00985
A41: Ja | B41: SEE928761575349 | C41: =VLOOKUP(B41,Tabelle3!A:C,2,FALSE) -> Nord | D41: In Betrieb | E41: EEW Energy from Waste Großräschen GmbH | F41: EEW Großräschen GmbH | G41: 01983 | H41: Großräschen | I41: Bergmannstraße 900 r | J41: Brandenburg | K41: 39463 | L41: nicht biogener Abfall | M41: Abfall (Hausmüll, Siedl.abf.) | N41: Abfall | O41: Ja | P41: Kondensationsmaschine mit Entnahme | Q41: Abfall | R41: Abfall | S41: 0.33 | T41: OPSD (2020) | U41: 25 | V41: 25 | W41: 21.25 | X41: 0 | Y41: 1
A42: Ja | B42: SEE940303116315 | C42: =VLOOKUP(B42,Tabelle3!A:C,2,FALSE) -> Nord | D42: In Betrieb | E42: EEW Energy from Waste Premnitz GmbH | F42: Turbosatz 5 | G42: 14727 | H42: Premnitz | I42: Dr.-Herbert-Rein-Straße 1 | J42: Brandenburg | K42: 44516 | L42: nicht biogener Abfall | M42: Abfall (Hausmüll, Siedl.abf.) | N42: Abfall | O42: Ja | P42: Kondensationsmaschine mit Entnahme | Q42: Abfall | R42: Abfall | S42: 0.33 | T42: eigene Annahme basierend auf OPSD (2020) | U42: 32.32 | V42: 32.32 | W42: 27.472 | X42: 0 | Y42: 1
A43: Ja | B43: SEE944044057432 | C43: =VLOOKUP(B43,Tabelle3!A:C,2,FALSE) -> Nord | D43: In Betrieb | E43: eins energie in sachsen GmbH & Co. KG | F43: Motor-Heizkraftwerk Chemnitz-Nord, Motor 1 | G43: 09114 | H43: Chemnitz | I43: Blankenburgstraße 2 | J43: Sachsen | K43: 45113 | L43: Erdgas | M43: Erdgas, Erdölgas | N43: Erdgas | O43: Ja | P43: Verbrennungsmotor | Q43: Erdgas | R43: GuD | S43: 0.63 | T43: Annahme basierend auf DIW (2014) | U43: 12.65 | V43: 12.538 | W43: 10.90806 | X43: 40.69 | Y43: 88.213254
A44: Ja | B44: SEE928331694449 | C44: =VLOOKUP(B44,Tabelle3!A:C,2,FALSE) -> Nord | D44: In Betrieb | E44: eins energie in sachsen GmbH & Co. KG | F44: Motor-Heizkraftwerk Chemnitz-Nord, Motor 2 | G44: 09114 | H44: Chemnitz | I44: Blankenburgstraße 2 | J44: Sachsen | K44: 45113 | L44: Erdgas | M44: Erdgas, Erdölgas | N44: Erdgas | O44: Ja | P44: Verbrennungsmotor | Q44: Erdgas | R44: GuD | S44: 0.63 | T44: Annahme basierend auf DIW (2014) | U44: 12.65 | V44: 12.538 | W44: 10.90806 | X44: 40.69 | Y44: 88.213254
A45: Ja | B45: SEE909466066615 | C45: =VLOOKUP(B45,Tabelle3!A:C,2,FALSE) -> Nord | D45: In Betrieb | E45: eins energie in sachsen GmbH & Co. KG | F45: Motor-Heizkraftwerk Chemnitz-Nord. Motor 3 | G45: 09114 | H45: Chemnitz | I45: Blankenburgstraße 2 | J45: Sachsen | K45: 45113 | L45: Erdgas | M45: Erdgas, Erdölgas | N45: Erdgas | O45: Ja | P45: Verbrennungsmotor | Q45: Erdgas | R45: GuD | S45: 0.63 | T45: Annahme basierend auf DIW (2014) | U45: 12.65 | V45: 12.538 | W45: 10.90806 | X45: 40.69 | Y45: 88.213254
A46: Ja | B46: SEE946709181179 | C46: =VLOOKUP(B46,Tabelle3!A:C,2,FALSE) -> Nord | D46: In Betrieb | E46: eins energie in sachsen GmbH & Co. KG | F46: Motor-Heizkraftwerk Chemnitz-Nord, Motor 4 | G46: 09114 | H46: Chemnitz | I46: Blankenburgstraße 2 | J46: Sachsen | K46: 45113 | L46: Erdgas | M46: Erdgas, Erdölgas | N46: Erdgas | O46: Ja | P46: Verbrennungsmotor | Q46: Erdgas | R46: GuD | S46: 0.63 | T46: Annahme basierend auf DIW (2014) | U46: 12.65 | V46: 12.538 | W46: 10.90806 | X46: 40.69 | Y46: 88.213254
A47: Ja | B47: SEE972779194474 | C47: =VLOOKUP(B47,Tabelle3!A:C,2,FALSE) -> Nord | D47: In Betrieb | E47: eins energie in sachsen GmbH & Co. KG | F47: Motor-Heizkraftwerk Chemnitz-Nord, Motor 5 | G47: 09114 | H47: Chemnitz | I47: Blankenburgstraße 2 | J47: Sachsen | K47: 45113 | L47: Erdgas | M47: Erdgas, Erdölgas | N47: Erdgas | O47: Ja | P47: Verbrennungsmotor | Q47: Erdgas | R47: GuD | S47: 0.63 | T47: Annahme basierend auf DIW (2014) | U47: 12.65 | V47: 12.538 | W47: 10.90806 | X47: 40.69 | Y47: 88.213254
A48: Ja | B48: SEE974236609859 | C48: =VLOOKUP(B48,Tabelle3!A:C,2,FALSE) -> Nord | D48: In Betrieb | E48: eins energie in sachsen GmbH & Co. KG | F48: Motor-Heizkraftwerk Chemnitz-Nord, Motor 6 | G48: 09114 | H48: Chemnitz | I48: Blankenburgstraße 2 | J48: Sachsen | K48: 45113 | L48: Erdgas | M48: Erdgas, Erdölgas | N48: Erdgas | O48: Ja | P48: Verbrennungsmotor | Q48: Erdgas | R48: GuD | S48: 0.63 | T48: Annahme basierend auf DIW (2014) | U48: 12.65 | V48: 12.538 | W48: 10.90806 | X48: 40.69 | Y48: 88.213254
A49: Ja | B49: SEE955076814825 | C49: =VLOOKUP(B49,Tabelle3!A:C,2,FALSE) -> Nord | D49: In Betrieb | E49: eins energie in sachsen GmbH & Co. KG | F49: Motor-Heizkraftwerk Chemnitz-Nord, Motor 7 | G49: 09114 | H49: Chemnitz | I49: Blankenburgstraße 2 | J49: Sachsen | K49: 45113 | L49: Erdgas | M49: Erdgas, Erdölgas | N49: Erdgas | O49: Ja | P49: Verbrennungsmotor | Q49: Erdgas | R49: GuD | S49: 0.63 | T49: Annahme basierend auf DIW (2014) | U49: 12.65 | V49: 12.538 | W49: 10.90806 | X49: 40.69 | Y49: 88.213254
A50: Ja | B50: SEE936761155751 | C50: =VLOOKUP(B50,Tabelle3!A:C,2,FALSE) -> Nord | D50: In Betrieb | E50: eins energie in sachsen GmbH & Co. KG | F50: Motor-Heizkraftwerk Chemnitz-Süd, Motor 1 | G50: 09125 | H50: Chemnitz | I50: Südstraße 1 | J50: Sachsen | K50: 44916 | L50: Erdgas | M50: Erdgas, Erdölgas | N50: Erdgas | O50: Ja | P50: Verbrennungsmotor | Q50: Erdgas | R50: GuD | S50: 0.63 | T50: Annahme basierend auf DIW (2014) | U50: 12.9 | V50: 12.7314 | W50: 11.076318 | X50: 40.69 | Y50: 88.213254
A51: Ja | B51: SEE912224455828 | C51: =VLOOKUP(B51,Tabelle3!A:C,2,FALSE) -> Nord | D51: In Betrieb | E51: eins energie in sachsen GmbH & Co. KG | F51: Motor-Heizkraftwerk Chemnitz-Süd, Motor 2 | G51: 09125 | H51: Chemnitz | I51: Südstraße 1 | J51: Sachsen | K51: 44916 | L51: Erdgas | M51: Erdgas, Erdölgas | N51: Erdgas | O51: Ja | P51: Verbrennungsmotor | Q51: Erdgas | R51: GuD | S51: 0.63 | T51: Annahme basierend auf DIW (2014) | U51: 12.9 | V51: 12.7314 | W51: 11.076318 | X51: 40.69 | Y51: 88.213254
A52: Ja | B52: SEE901205245022 | C52: =VLOOKUP(B52,Tabelle3!A:C,2,FALSE) -> Nord | D52: In Betrieb | E52: eins energie in sachsen GmbH & Co. KG | F52: Motor-Heizkraftwerk Chemnitz-Süd, Motor 3 | G52: 09125 | H52: Chemnitz | I52: Südstraße 1 | J52: Sachsen | K52: 44916 | L52: Erdgas | M52: Erdgas, Erdölgas | N52: Erdgas | O52: Ja | P52: Verbrennungsmotor | Q52: Erdgas | R52: GuD | S52: 0.63 | T52: Annahme basierend auf DIW (2014) | U52: 12.9 | V52: 12.7314 | W52: 11.076318 | X52: 40.69 | Y52: 88.213254
A53: Ja | B53: SEE917303295586 | C53: =VLOOKUP(B53,Tabelle3!A:C,2,FALSE) -> Nord | D53: In Betrieb | E53: eins energie in sachsen GmbH & Co. KG | F53: Motor-Heizkraftwerk Chemnitz-Süd, Motor 4 | G53: 09125 | H53: Chemnitz | I53: Südstraße 1 | J53: Sachsen | K53: 44916 | L53: Erdgas | M53: Erdgas, Erdölgas | N53: Erdgas | O53: Ja | P53: Verbrennungsmotor | Q53: Erdgas | R53: GuD | S53: 0.63 | T53: Annahme basierend auf DIW (2014) | U53: 12.9 | V53: 12.7314 | W53: 11.076318 | X53: 40.69 | Y53: 88.213254
A54: Ja | B54: SEE903779951637 | C54: =VLOOKUP(B54,Tabelle3!A:C,2,FALSE) -> Nord | D54: In Betrieb | E54: eins energie in sachsen GmbH & Co. KG | F54: Motor-Heizkraftwerk Chemnitz-Süd, Motor 5 | G54: 09125 | H54: Chemnitz | I54: Südstraße 1 | J54: Sachsen | K54: 44916 | L54: Erdgas | M54: Erdgas, Erdölgas | N54: Erdgas | O54: Ja | P54: Verbrennungsmotor | Q54: Erdgas | R54: GuD | S54: 0.63 | T54: Annahme basierend auf DIW (2014) | U54: 12.9 | V54: 12.7314 | W54: 11.076318 | X54: 40.69 | Y54: 88.213254
A55: Ja | B55: SEE999966551940 | C55: =VLOOKUP(B55,Tabelle3!A:C,2,FALSE) -> Nord | D55: In Betrieb | E55: Energie und Wasser Potsdam GmbH | F55: HKW Potsdam-Süd Block1 | G55: 14478 | H55: Potsdam | I55: Zum Heizwerk 20 | J55: Brandenburg | K55: 35065 | L55: Erdgas | M55: Erdgas, Erdölgas | N55: Erdgas | O55: Ja | P55: Gasturbinen mit nachgeschalteter Dampfturbine | Q55: Erdgas | R55: Gasturbine | S55: 0.3806 | T55: OPSD (2020) | U55: 42 | V55: 40.9 | W55: 35.583 | X55: 40.69 | Y55: 144.53481
A56: Ja | B56: SEE914878135613 | C56: =VLOOKUP(B56,Tabelle3!A:C,2,FALSE) -> Nord | D56: In Betrieb | E56: Energie und Wasser Potsdam GmbH | F56: HKW Potsdam-Süd Block2 | G56: 14478 | H56: Potsdam | I56: Zum Heizwerk 20 | J56: Brandenburg | K56: 35065 | L56: Erdgas | M56: Erdgas, Erdölgas | N56: Erdgas | O56: Ja | P56: Gasturbinen mit nachgeschalteter Dampfturbine | Q56: Erdgas | R56: Gasturbine | S56: 0.3806 | T56: OPSD (2020) | U56: 42 | V56: 40.9 | W56: 35.583 | X56: 40.69 | Y56: 144.53481
A57: Ja | B57: SEE976404468497 | C57: Nord | D57: In Betrieb | E57: Energieversorgung Schwerin GmbH & Co. Erzeugung KG | F57: SN-Lankow-GUD-2023 | G57: 19057 | H57: Schwerin | I57: Grevesmühlener Str. 28 | J57: Mecklenburg-Vorpommern | K57: 45282 | L57: Erdgas | M57: Erdgas, Erdölgas | N57: Erdgas | O57: Ja | P57: Gasturbinen mit Abhitzekessel | Q57: Erdgas | R57: GuD | S57: 0.47 | T57: Annahme basierend auf DIW (2014) | U57: 14.1 | V57: 14 | W57: 12.18 | X57: 40.69 | Y57: 117.73266
A58: Ja | B58: SEE998526561375 | C58: =VLOOKUP(B58,Tabelle3!A:C,2,FALSE) -> Nord | D58: In Betrieb | E58: Energieversorgung Schwerin GmbH & Co. Erzeugung KG | F58: SN-Süd-GUD-DT | G58: 19061 | H58: Schwerin | I58: Pampower Str. 50 | J58: Mecklenburg-Vorpommern | K58: 34486 | L58: Erdgas | M58: Erdgas, Erdölgas | N58: Erdgas | O58: Ja | P58: Gegendruckmaschine mit Entnahme | Q58: Erdgas | R58: GuD | S58: 0.3784 | T58: OPSD (2020) | U58: 19.23 | V58: 18.903 | W58: 16.44561 | X58: 40.69 | Y58: 145.86932
A59: Ja | B59: SEE977613214097 | C59: =VLOOKUP(B59,Tabelle3!A:C,2,FALSE) -> Nord | D59: In Betrieb | E59: Energieversorgung Schwerin GmbH & Co. Erzeugung KG | F59: SN-Süd-GUD-GT01 | G59: 19061 | H59: Schwerin | I59: Pampower Str. 50 | J59: Mecklenburg-Vorpommern | K59: 44875 | L59: Erdgas | M59: Erdgas, Erdölgas | N59: Erdgas | O59: Ja | P59: Gasturbinen mit Abhitzekessel | Q59: Erdgas | R59: GuD | S59: 0.432 | T59: Annahme basierend auf DIW (2014) | U59: 23.06 | V59: 22.6683 | W59: 19.721421 | X59: 40.69 | Y59: 127.95683
A60: Ja | B60: SEE950689982695 | C60: =VLOOKUP(B60,Tabelle3!A:C,2,FALSE) -> Nord | D60: In Betrieb | E60: Energieversorgung Schwerin GmbH & Co. Erzeugung KG | F60: SN-Süd-GUD-GT02 | G60: 19061 | H60: Schwerin | I60: Pampower Str. 50 | J60: Mecklenburg-Vorpommern | K60: 44867 | L60: Erdgas | M60: Erdgas, Erdölgas | N60: Erdgas | O60: Ja | P60: Gasturbinen mit Abhitzekessel | Q60: Erdgas | R60: GuD | S60: 0.432 | T60: Annahme basierend auf DIW (2014) | U60: 23.06 | V60: 22.6683 | W60: 19.721421 | X60: 40.69 | Y60: 127.95683
A61: Ja | B61: SEE918916993708 | C61: =VLOOKUP(B61,Tabelle3!A:C,2,FALSE) -> Nord | D61: In Betrieb | E61: envia THERM GmbH | F61: Wolfen GT | G61: 06766 | H61: Bitterfeld-Wolfen | I61: Sensientstraße 7 | J61: Sachsen-Anhalt | K61: 35430 | L61: Erdgas | M61: Erdgas, Erdölgas | N61: Erdgas | O61: Nein | P61: Gasturbinen ohne Abhitzekessel | Q61: Erdgas | R61: Gasturbine | S61: 0.3817 | T61: OPSD (2020) | U61: 50 | V61: 50 | W61: 43.5 | X61: 40.69 | Y61: 144.12117
A62: Ja | B62: SEE934669010578 | C62: =VLOOKUP(B62,Tabelle3!A:C,2,FALSE) -> Nord | D62: In Betrieb | E62: envia THERM GmbH | F62: Bitterfeld GuD | G62: 06749 | H62: Bitterfeld-Wolfen | I62: Parsevalstraße 3 B | J62: Sachsen-Anhalt | K62: 36746 | L62: Erdgas | M62: Erdgas, Erdölgas | N62: Erdgas | O62: Ja | P62: Gasturbinen mit nachgeschalteter Dampfturbine | Q62: Erdgas | R62: Gasturbine | S62: 0.54 | T62: OPSD (2020) | U62: 110 | V62: 108 | W62: 93.96 | X62: 40.69 | Y62: 102.16546
A63: Ja | B63: SEE914438115895 | C63: =VLOOKUP(B63,Tabelle3!A:C,2,FALSE) -> Nord | D63: In Betrieb | E63: EVH GmbH | F63: Heizkraftwerk Dieselstraße Block A | G63: 06130 | H63: Halle | I63: Dieselstraße 141 | J63: Sachsen-Anhalt | K63: 43922 | L63: Erdgas | M63: Erdgas, Erdölgas | N63: Erdgas | O63: Ja | P63: Gasturbinen mit nachgeschalteter Dampfturbine | Q63: Erdgas | R63: Gasturbine | S63: 0.3905 | T63: OPSD (2020) | U63: 57.646 | V63: 56.845 | W63: 49.45515 | X63: 40.69 | Y63: 140.8959
A64: Ja | B64: SEE946568262484 | C64: =VLOOKUP(B64,Tabelle3!A:C,2,FALSE) -> Nord | D64: In Betrieb | E64: EVH GmbH | F64: Heizkraftwerk Dieselstraße Block B | G64: 06130 | H64: Halle | I64: Dieselstraße 141 | J64: Sachsen-Anhalt | K64: 44166 | L64: Erdgas | M64: Erdgas, Erdölgas | N64: Erdgas | O64: Ja | P64: Gasturbinen mit nachgeschalteter Dampfturbine | Q64: Erdgas | R64: Gasturbine | S64: 0.3905 | T64: OPSD (2020) | U64: 57.95 | V64: 57.144 | W64: 49.71528 | X64: 40.69 | Y64: 140.8959
A65: Ja | B65: SEE901050642113 | C65: =VLOOKUP(B65,Tabelle3!A:C,2,FALSE) -> Nord | D65: In Betrieb | E65: EVH GmbH | F65: Heizkraftwerk Dieselstraße Block C | G65: 06130 | H65: Halle | I65: Dieselstraße 141 | J65: Sachsen-Anhalt | K65: 44105 | L65: Erdgas | M65: Erdgas, Erdölgas | N65: Erdgas | O65: Ja | P65: Gasturbinen mit Abhitzekessel | Q65: Erdgas | R65: GuD | S65: 0.44 | T65: https://evh.de/privatkunden/unternehmen/energiepark/dieselstra%C3%9Fe | U65: 57.332 | V65: 57.322 | W65: 49.87014 | X65: 40.69 | Y65: 125.65761
A66: Ja | B66: SEE926982393704 | C66: =VLOOKUP(B66,Tabelle3!A:C,2,FALSE) -> Nord | D66: In Betrieb | E66: Fernheizwerk Neukölln AG | F66: BHKW 10 | G66: 12059 | H66: Berlin | I66: Weigandufer 49 | J66: Berlin | K66: 45273 | L66: Erdgas | M66: Erdgas, Erdölgas | N66: Erdgas | O66: Ja | P66: Verbrennungsmotor | Q66: Erdgas | R66: GuD | S66: 0.47 | T66: Annahme basierend auf DIW (2014) | U66: 10.31 | V66: 10.287 | W66: 8.94969 | X66: 40.69 | Y66: 117.73266
A67: Ja | B67: SEE976907281142 | C67: =VLOOKUP(B67,Tabelle3!A:C,2,FALSE) -> Nord | D67: In Betrieb | E67: Fernwärmeversorgungs- GmbH Dessau | F67: HKW Dessau | G67: 06842 | H67: Dessau-Roßlau | I67: An der Fine 4 | J67: Sachsen-Anhalt | K67: 35065 | L67: Erdgas | M67: Erdgas, Erdölgas | N67: Erdgas | O67: Ja | P67: Gasturbinen mit nachgeschalteter Dampfturbine | Q67: Erdgas | R67: Gasturbine | S67: 0.3806 | T67: OPSD (2018) | U67: 39.836 | V67: 39.12 | W67: 34.0344 | X67: 40.69 | Y67: 144.53481
A68: Ja | B68: SEE973601397087 | C68: Nord | D68: In Betrieb | E68: Hamburger Energiewerke GmbH | F68: Tiefstack GuD DT40 | G68: 22113 | H68: Hamburg | I68: Andreas-Meyer-Straße 8 | J68: Hamburg | K68: 39934 | L68: Wärme | N68: Wärme | O68: Ja | P68: Gegendruckmaschine ohne Entnahme | Q68: Sonstige | R68: Sonstige | S68: 0.4 | T68: Eigene Annahme | U68: 28 | V68: 27 | W68: 22.95 | X68: 95.59 | Y68: 277.07725
A69: Ja | B69: SEE913896693631 | C69: =VLOOKUP(B69,Tabelle3!A:C,2,FALSE) -> Nord | D69: In Betrieb | E69: Hamburger Energiewerke GmbH | F69: Tiefstack GuD GT41 | G69: 22113 | H69: Hamburg | I69: Andreas-Meyer-Straße 8 | J69: Hamburg | K69: 39934 | L69: Erdgas | M69: Erdgas, Erdölgas | N69: Erdgas | O69: Ja | P69: Gasturbinen mit Abhitzekessel | Q69: Erdgas | R69: GuD | S69: 0.5805 | T69: OPSD (2020) | U69: 51 | V69: 50 | W69: 43.5 | X69: 40.69 | Y69: 95.607407
A70: Ja | B70: SEE999106955379 | C70: Nord | D70: In Betrieb | E70: Hamburger Energiewerke GmbH | F70: Tiefstack GuD GT42 | G70: 22113 | H70: Hamburg | I70: Andreas-Meyer-Straße 8 | J70: Hamburg | K70: 39934 | L70: Erdgas | M70: Erdgas, Erdölgas | N70: Erdgas | O70: Ja | P70: Gasturbinen mit Abhitzekessel | Q70: Erdgas | R70: GuD | S70: 0.5805 | T70: OPSD (2020) | U70: 51 | V70: 50 | W70: 43.5 | X70: 40.69 | Y70: 95.607407
A71: Ja | B71: SEE934530018092 | C71: Nord | D71: In Betrieb | E71: Hamburger Energiewerke GmbH | F71: HKW Wedel Block 2 | G71: 22880 | H71: Wedel | I71: Tinsdaler Weg 146 | J71: Schleswig-Holstein | K71: 34298 | L71: Steinkohle | M71: Steinkohlen | N71: Steinkohle | O71: Ja | P71: Kondensationsmaschine mit Entnahme | Q71: Steinkohle | R71: Steinkohle | S71: 0.36 | T71: OPSD (2020) | U71: 133.6 | V71: 116 | W71: 92.8 | X71: 15.55 | Y71: 109.41375
A72: Ja | B72: SEE960100973492 | C72: Nord | D72: In Betrieb | E72: Hamburger Energiewerke GmbH | F72: HKW Wedel Block 1 | G72: 22880 | H72: Wedel | I72: Tinsdaler Weg 146 | J72: Schleswig-Holstein | K72: 34298 | L72: Steinkohle | M72: Steinkohlen | N72: Steinkohle | O72: Ja | P72: Kondensationsmaschine mit Entnahme | Q72: Steinkohle | R72: Steinkohle | S72: 0.36 | T72: OPSD (2020) | U72: 152.8 | V72: 137 | W72: 109.6 | X72: 15.55 | Y72: 109.41375
A73: Ja | B73: SEE987197130805 | C73: Nord | D73: In Betrieb | E73: Hamburger Energiewerke GmbH | F73: Tiefstack HKW Block 20 | G73: 22113 | H73: Hamburg | I73: Andreas-Meyer-Straße 8 | J73: Hamburg | K73: 34060 | L73: Steinkohle | M73: Steinkohlen | N73: Steinkohle | O73: Ja | P73: Kondensationsmaschine mit Entnahme | Q73: Steinkohle | R73: Steinkohle | S73: 0.4075 | T73: OPSD (2020) | U73: 205 | V73: 189 | W73: 151.2 | X73: 15.55 | Y73: 96.811534
A74: Ja | B74: SEE900403199748 | C74: =VLOOKUP(B74,Tabelle3!A:C,2,FALSE) -> Nord | D74: In Betrieb | E74: Heizkraftwerk Halle-Trotha GmbH | F74: Heizkraftwerk Halle-Trotha - Dampfturbine | G74: 06118 | H74: Halle | I74: Brachwitzer Straße 23 | J74: Sachsen-Anhalt | K74: 34425 | L74: Erdgas | N74: Erdgas | O74: Ja | P74: Gegendruckmaschine mit Entnahme | Q74: Erdgas | R74: GuD | S74: 0.525 | T74: https://evh.de/gro%C3%9Fkunden/unternehmen/Heizkraftwerke/energiepark/trotha | U74: 12.471 | V74: 12.158467 | W74: 10.577866 | X74: 40.69 | Y74: 105.5559
A75: Ja | B75: SEE965768299069 | C75: =VLOOKUP(B75,Tabelle3!A:C,2,FALSE) -> Nord | D75: In Betrieb | E75: Heizkraftwerk Halle-Trotha GmbH | F75: Heizkraftwerk Halle-Trotha - Gasturbine | G75: 06118 | H75: Halle | I75: Brachwitzer Straße 23 | J75: Sachsen-Anhalt | K75: 34425 | L75: Erdgas | M75: Erdgas, Erdölgas | N75: Erdgas | O75: Ja | P75: Gasturbinen mit nachgeschalteter Dampfturbine | Q75: Erdgas | R75: Gasturbine | S75: 0.525 | T75: OPSD (2020) | U75: 56.242 | V75: 54.832533 | W75: 47.704304 | X75: 40.69 | Y75: 105.0559
A76: Ja | B76: SEE924286409503 | C76: =VLOOKUP(B76,Tabelle3!A:C,2,FALSE) -> Nord | D76: In Betrieb | E76: IKW Rüdersdorf | F76: IKW Rüdersdorf | G76: 15562 | H76: Rüdersdorf | I76: Siedlerweg 11 | J76: Brandenburg | K76: 39428 | L76: nicht biogener Abfall | M76: Industrieabfall | N76: Abfall | O76: Ja | P76: Kondensationsmaschine mit Entnahme | Q76: Abfall | R76: Abfall | S76: 0.33 | T76: OPSD (2020) | U76: 35.54 | V76: 30 | W76: 25.5 | X76: 0 | Y76: 1
A77: Ja | B77: SEE911283118750 | C77: =VLOOKUP(B77,Tabelle3!A:C,2,FALSE) -> Nord | D77: In Betrieb | E77: Industriekraftwerk Greifswald GmbH | F77: Industriekraftwerk Greifswald GmbH | G77: 17509 | H77: Lubmin | I77: Am Hafen 2 | J77: Mecklenburg-Vorpommern | K77: 41625 | L77: Erdgas | M77: Erdgas, Erdölgas | N77: Erdgas | O77: Ja | P77: Gasturbinen mit Abhitzekessel | Q77: Erdgas | R77: GuD | S77: 0.3993 | T77: OPSD (2018) | U77: 39 | V77: 38.2 | W77: 33.234 | X77: 40.69 | Y77: 138.3128
A78: Ja | B78: SEE991050894971 | C78: =VLOOKUP(B78,Tabelle3!A:C,2,FALSE) -> Nord | D78: In Betrieb | E78: InfraLeuna GmbH | F78: EKT | G78: 06237 | H78: Leuna | J78: Sachsen-Anhalt | K78: 36570 | L78: Wärme | M78: Dampf (zum Beispiel Prozesswärme) | N78: Wärme | O78: Nein | P78: Kondensationsmaschine ohne Entnahme | Q78: Sonstige | R78: Sonstige | S78: 0.385 | T78: Annahme basierend auf DIW (2014) | U78: 14.7 | V78: 14 | W78: 11.9 | X78: 95.59 | Y78: 287.83351
A79: Ja | B79: SEE900957573537 | C79: =VLOOKUP(B79,Tabelle3!A:C,2,FALSE) -> Nord | D79: In Betrieb | E79: InfraLeuna GmbH | F79: KT1 | G79: 06237 | H79: Leuna | J79: Sachsen-Anhalt | K79: 40298 | L79: Wärme | M79: Dampf (zum Beispiel Prozesswärme) | N79: Wärme | O79: Nein | P79: Kondensationsmaschine ohne Entnahme | Q79: Sonstige | R79: Sonstige | S79: 0.396 | T79: Annahme basierend auf DIW (2014) | U79: 21.6 | V79: 20 | W79: 17 | X79: 95.59 | Y79: 279.86591
A80: Ja | B80: SEE998623498277 | C80: =VLOOKUP(B80,Tabelle3!A:C,2,FALSE) -> Nord | D80: In Betrieb | E80: InfraLeuna GmbH | F80: DT3 | G80: 06237 | H80: Leuna | J80: Sachsen-Anhalt | K80: 44767 | L80: Wärme | M80: Dampf (zum Beispiel Prozesswärme) | N80: Wärme | O80: Ja | P80: Gegendruckmaschine mit Entnahme | Q80: Sonstige | R80: Sonstige | S80: 0.4 | T80: eigene Annahme | U80: 24.4 | V80: 23.9 | W80: 20.315 | X80: 95.59 | Y80: 277.07725
A81: Ja | B81: SEE947225300921 | C81: =VLOOKUP(B81,Tabelle3!A:C,2,FALSE) -> Nord | D81: In Betrieb | E81: InfraLeuna GmbH | F81: GT1 | G81: 06237 | H81: Leuna | J81: Sachsen-Anhalt | K81: 34516 | L81: Erdgas | M81: Erdgas, Erdölgas | N81: Erdgas | O81: Ja | P81: Gasturbinen mit Abhitzekessel | Q81: Erdgas | R81: GuD | S81: 0.513 | T81: OPSD (2020) | U81: 37.6 | V81: 37 | W81: 32.19 | X81: 40.69 | Y81: 107.98996
A82: Ja | B82: SEE930522848685 | C82: =VLOOKUP(B82,Tabelle3!A:C,2,FALSE) -> Nord | D82: In Betrieb | E82: InfraLeuna GmbH | F82: GT3 | G82: 06237 | H82: Leuna | J82: Sachsen-Anhalt | K82: 34516 | L82: Erdgas | M82: Erdgas, Erdölgas | N82: Erdgas | O82: Ja | P82: Gasturbinen mit Abhitzekessel | Q82: Erdgas | R82: GuD | S82: 0.513 | T82: OPSD (2020) | U82: 37.6 | V82: 37 | W82: 32.19 | X82: 40.69 | Y82: 107.98996
A83: Ja | B83: SEE959858570855 | C83: =VLOOKUP(B83,Tabelle3!A:C,2,FALSE) -> Nord | D83: In Betrieb | E83: InfraLeuna GmbH | F83: GT4 | G83: 06237 | H83: Leuna | J83: Sachsen-Anhalt | K83: 36069 | L83: Erdgas | M83: Erdgas, Erdölgas | N83: Erdgas | O83: Ja | P83: Gasturbinen mit Abhitzekessel | Q83: Erdgas | R83: GuD | S83: 0.531 | T83: OPSD (2020) | U83: 39 | V83: 38.4 | W83: 33.408 | X83: 40.69 | Y83: 104.38013
A84: Ja | B84: SEE992864019192 | C84: =VLOOKUP(B84,Tabelle3!A:C,2,FALSE) -> Nord | D84: In Betrieb | E84: InfraLeuna GmbH | F84: GT5 | G84: 06237 | H84: Leuna | J84: Sachsen-Anhalt | K84: 44714 | L84: Erdgas | M84: Erdgas, Erdölgas | N84: Erdgas | O84: Ja | P84: Gasturbinen mit Abhitzekessel | Q84: Erdgas | R84: GuD | S84: 0.432 | T84: Annahme basierend auf DIW (2014) | U84: 56.5 | V84: 55.4 | W84: 48.198 | X84: 40.69 | Y84: 127.95683
A85: Ja | B85: SEE926471060193 | C85: =VLOOKUP(B85,Tabelle3!A:C,2,FALSE) -> Nord | D85: In Betrieb | E85: K+S Minerals and Agriculture GmbH | F85: Kraftwerk UB DT1 | G85: 36414 | H85: Unterbreizbach | I85: Schachtstraße 10 | J85: Thüringen | K85: 37439 | L85: Wärme | M85: Dampf (zum Beispiel Prozesswärme) | N85: Wärme | O85: Ja | P85: Gegendruckmaschine ohne Entnahme | Q85: Sonstige | R85: Sonstige | S85: 0.3795 | T85: OPSD (2020) | U85: 11.493 | V85: 11.3 | W85: 9.605 | X85: 95.59 | Y85: 291.99051
A86: Ja | B86: SEE970114818481 | C86: =VLOOKUP(B86,Tabelle3!A:C,2,FALSE) -> Nord | D86: In Betrieb | E86: K+S Minerals and Agriculture GmbH | F86: Kraftwerk UB DT3 | G86: 36414 | H86: Unterbreizbach | I86: Schachtstraße 10 | J86: Thüringen | K86: 23560 | L86: Wärme | M86: Dampf (zum Beispiel Prozesswärme) | N86: Wärme | O86: Ja | P86: Kondensationsmaschine mit Entnahme | Q86: Sonstige | R86: Sonstige | S86: 0.3795 | T86: OPSD (2020) | U86: 12.252 | V86: 12 | W86: 10.2 | X86: 95.59 | Y86: 291.99051
A87: Ja | B87: SEE979396678813 | C87: =VLOOKUP(B87,Tabelle3!A:C,2,FALSE) -> Nord | D87: In Betrieb | E87: K+S Minerals and Agriculture GmbH | F87: Kraftwerk ZI DT1 | G87: 39326 | H87: Zielitz | I87: Farsleber Straße 1 | J87: Sachsen-Anhalt | K87: 29404 | L87: Wärme | M87: Dampf (zum Beispiel Prozesswärme) | N87: Wärme | O87: Ja | P87: Kondensationsmaschine mit Entnahme | Q87: Sonstige | R87: Sonstige | S87: 0.3806 | T87: OPSD (2020) | U87: 18.336 | V87: 18.1 | W87: 15.385 | X87: 95.59 | Y87: 291.1495
A88: Ja | B88: SEE950355589975 | C88: =VLOOKUP(B88,Tabelle3!A:C,2,FALSE) -> Nord | D88: In Betrieb | E88: K+S Minerals and Agriculture GmbH | F88: Kraftwerk ZI DT 2 | G88: 39326 | H88: Zielitz | I88: Farsleber Straße 1 | J88: Sachsen-Anhalt | K88: 40361 | L88: Wärme | M88: Dampf (zum Beispiel Prozesswärme) | N88: Wärme | O88: Ja | P88: Kondensationsmaschine mit Entnahme | Q88: Sonstige | R88: Sonstige | S88: 0.3806 | T88: OPSD (2020) | U88: 29.962 | V88: 29.49 | W88: 25.0665 | X88: 95.59 | Y88: 291.1495
A89: Nein | B89: SEE930596800480 | C89: Nord | D89: Kapazitätsreserve | E89: Lausitz Energie Kraftwerke AG | F89: Gasturbinenkraftwerk Ahrensfelde GT A | G89: 16356 | H89: Ahrensfelde | I89: Lindenberger Straße 12 | J89: Brandenburg | K89: 33229 | L89: Erdgas | M89: Erdgas, Erdölgas | N89: Erdgas | O89: Nein | P89: Gasturbinen mit Abhitzekessel | Q89: Erdgas | R89: GuD | S89: 0.31 | T89: https://www.wikiwand.com/de/articles/Gasturbinenkraftwerk_Ahrensfelde | U89: 38.34 | V89: 37.104 | W89: 32.28048 | X89: 40.69 | Y89: 177.72371
A90: Nein | B90: SEE929797382345 | C90: Nord | D90: Kapazitätsreserve | E90: Lausitz Energie Kraftwerke AG | F90: Gasturbinenkraftwerk Ahrensfelde GT B | G90: 16356 | H90: Ahrensfelde | I90: Lindenberger Straße 12 | J90: Brandenburg | K90: 33217 | L90: Erdgas | M90: Erdgas, Erdölgas | N90: Erdgas | O90: Nein | P90: Gasturbinen mit Abhitzekessel | Q90: Erdgas | R90: GuD | S90: 0.31 | T90: https://www.wikiwand.com/de/articles/Gasturbinenkraftwerk_Ahrensfelde | U90: 38.24 | V90: 37.104 | W90: 32.28048 | X90: 40.69 | Y90: 177.72371
A91: Nein | B91: SEE988046628214 | C91: Nord | D91: Kapazitätsreserve | E91: Lausitz Energie Kraftwerke AG | F91: Gasturbinenkraftwerk Ahrensfelde GT C | G91: 16356 | H91: Ahrensfelde | I91: Lindenberger Straße 12 | J91: Brandenburg | K91: 33323 | L91: Erdgas | M91: Erdgas, Erdölgas | N91: Erdgas | O91: Nein | P91: Gasturbinen mit Abhitzekessel | Q91: Erdgas | R91: GuD | S91: 0.31 | T91: https://www.wikiwand.com/de/articles/Gasturbinenkraftwerk_Ahrensfelde | U91: 38.34 | V91: 37.104 | W91: 32.28048 | X91: 40.69 | Y91: 177.72371
A92: Nein | B92: SEE923527691592 | C92: Nord | D92: Kapazitätsreserve | E92: Lausitz Energie Kraftwerke AG | F92: Gasturbinenkraftwerk Ahrensfelde GT D | G92: 16356 | H92: Ahrensfelde | I92: Lindenberger Straße 12 | J92: Brandenburg | K92: 33654 | L92: Erdgas | M92: Erdgas, Erdölgas | N92: Erdgas | O92: Nein | P92: Gasturbinen mit Abhitzekessel | Q92: Erdgas | R92: GuD | S92: 0.31 | T92: https://www.wikiwand.com/de/articles/Gasturbinenkraftwerk_Ahrensfelde | U92: 38.34 | V92: 37.104 | W92: 32.28048 | X92: 40.69 | Y92: 177.72371
A93: Nein | B93: SEE992841152355 | C93: Nord | D93: Kapazitätsreserve | E93: Lausitz Energie Kraftwerke AG | F93: Gasturbinenkraftwerk Thyrow GT A | G93: 15806 | H93: Zossen | I93: Am Umspannwerk 12 | J93: Brandenburg | K93: 32050 | L93: Erdgas | M93: Erdgas, Erdölgas | N93: Erdgas | O93: Nein | P93: Gasturbinen ohne Abhitzekessel | Q93: Erdgas | R93: Gasturbine | S93: 0.3564 | T93: https://www.bakerhughes.com/sites/bakerhughes/files/2021-06/BakerHughes_Frame61B_Overview-060121.pdf | U93: 37.6 | V93: 37.104 | W93: 32.28048 | X93: 40.69 | Y93: 154.281
A94: Nein | B94: SEE957496380690 | C94: Nord | D94: Kapazitätsreserve | E94: Lausitz Energie Kraftwerke AG | F94: Gasturbinenkraftwerk Thyrow GT B | G94: 15806 | H94: Zossen | I94: Am Umspannwert 12 | J94: Brandenburg | K94: 32050 | L94: Erdgas | M94: Erdgas, Erdölgas | N94: Erdgas | O94: Nein | P94: Gasturbinen ohne Abhitzekessel | Q94: Erdgas | R94: Gasturbine | S94: 0.335 | T94: https://www.bakerhughes.com/sites/bakerhughes/files/2021-06/BakerHughes_Frame61B_Overview-060121.pdf | U94: 37.6 | V94: 37.104 | W94: 32.28048 | X94: 40.69 | Y94: 164.07269
A95: Nein | B95: SEE980421575656 | C95: Nord | D95: Kapazitätsreserve | E95: Lausitz Energie Kraftwerke AG | F95: Gasturbinenkraftwerk Thyrow GT C | G95: 15806 | H95: Zossen | I95: Am Umspannwerk 12 | J95: Brandenburg | K95: 32098 | L95: Erdgas | M95: Erdgas, Erdölgas | N95: Erdgas | O95: Nein | P95: Gasturbinen ohne Abhitzekessel | Q95: Erdgas | R95: Gasturbine | S95: 0.335 | T95: https://www.bakerhughes.com/sites/bakerhughes/files/2021-06/BakerHughes_Frame61B_Overview-060121.pdf | U95: 37.6 | V95: 37.104 | W95: 32.28048 | X95: 40.69 | Y95: 164.07269
A96: Nein | B96: SEE989393516094 | C96: Nord | D96: Kapazitätsreserve | E96: Lausitz Energie Kraftwerke AG | F96: Gasturbinenkraftwerk Thyrow GT D | G96: 15806 | H96: Zossen | I96: Am Umspannwerk 12 | J96: Brandenburg | K96: 32128 | L96: Erdgas | M96: Erdgas, Erdölgas | N96: Erdgas | O96: Nein | P96: Gasturbinen ohne Abhitzekessel | Q96: Erdgas | R96: Gasturbine | S96: 0.335 | T96: https://www.bakerhughes.com/sites/bakerhughes/files/2021-06/BakerHughes_Frame61B_Overview-060121.pdf | U96: 37.6 | V96: 37.104 | W96: 32.28048 | X96: 40.69 | Y96: 164.07269
A97: Nein | B97: SEE983877705974 | C97: Nord | D97: Kapazitätsreserve | E97: Lausitz Energie Kraftwerke AG | F97: Gasturbinenkraftwerk Thyrow GT E | G97: 15806 | H97: Zossen | I97: Am Umspannwerk 12 | J97: Brandenburg | K97: 32780 | L97: Erdgas | M97: Erdgas, Erdölgas | N97: Erdgas | O97: Nein | P97: Gasturbinen ohne Abhitzekessel | Q97: Erdgas | R97: Gasturbine | S97: 0.335 | T97: https://www.bakerhughes.com/sites/bakerhughes/files/2021-06/BakerHughes_Frame61B_Overview-060121.pdf | U97: 38.8 | V97: 38.34 | W97: 33.3558 | X97: 40.69 | Y97: 164.07269
A98: Ja | B98: SEE991817093418 | C98: Nord | D98: In Betrieb | E98: Lausitz Energie Kraftwerke AG | F98: Kraftwerk Jänschwalde Block A | G98: 03185 | H98: Teichland | I98: Am Kraftwerk | J98: Brandenburg | K98: 29860 | L98: Braunkohle | M98: Rohbraunkohlen | N98: Braunkohle | O98: Ja | P98: Kondensationsmaschine mit Entnahme | Q98: Braunkohle | R98: Braunkohle | S98: 0.375 | T98: OPSD (2020) | U98: 535 | V98: 500 | W98: 435 | X98: 3.1 | Y98: 84.679733
A99: Ja | B99: SEE938669585906 | C99: Nord | D99: In Betrieb | E99: Lausitz Energie Kraftwerke AG | F99: Kraftwerk Jänschwalde Block B | G99: 03185 | H99: Teichland | I99: Am Kraftwerk | J99: Brandenburg | K99: 30284 | L99: Braunkohle | M99: Rohbraunkohlen | N99: Braunkohle | O99: Ja | P99: Kondensationsmaschine mit Entnahme | Q99: Braunkohle | R99: Braunkohle | S99: 0.375 | T99: OPSD (2020) | U99: 535 | V99: 500 | W99: 435 | X99: 3.1 | Y99: 84.679733
A100: Ja | B100: SEE989591633753 | C100: Nord | D100: In Betrieb | E100: Lausitz Energie Kraftwerke AG | F100: Kraftwerk Jänschwalde Block C | G100: 03185 | H100: Teichland | I100: Am Kraftwerk | J100: Brandenburg | K100: 30713 | L100: Braunkohle | M100: Rohbraunkohlen | N100: Braunkohle | O100: Ja | P100: Kondensationsmaschine mit Entnahme | Q100: Braunkohle | R100: Braunkohle | S100: 0.375 | T100: OPSD (2020) | U100: 535 | V100: 500 | W100: 435 | X100: 3.1 | Y100: 84.679733
...

Sheet Tabelle3
A1: MaStR-ID | B1: ÜNB | C1: Betreiber | D1: Kraftwerksname | E1: Blockname | F1: Energieträger | G1: Technologie | H1: KWK | I1: PLZ | J1: Ort | K1: Bundesland | L1: Inbetriebnahmejahr | M1: Status aktuell | N1: Nettonennleistung [MW] 31.12.2023 | O1: Leistung [MW] 2037 | P1: Energieträger 2037 | Q1: Leistung [MW] 2045 | R1: Energieträger 2045
A2: NV | B2: Süd | C2: EnBW Energie Baden-Wuerttemberg AG | D2: Heizkraftwerk Altbach/Deizisau | E2: ALT HKW 3 | F2: Erdgas | G2: GuD | H2: ja | I2: 73776 | J2: Altbach | K2: Baden-Wuerttemberg | L2: 2026 | M2: In Bau | N2: 710 | O2: 710 | P2: Erdgas/Wasserstoff | Q2: 710 | R2: Wasserstoff
A3: SEE907667929555 | B3: Nord | C3: DREWAG Stadtwerke Dresden GmbH | D3: HKW Dresden-Nord | E3: HKW Dresden-Nord | F3: Erdgas | G3: Gasturbine | H3: ja | I3: 01099 | J3: Dresden | K3: Sachsen | L3: 2018 | M3: In Betrieb | N3: 11.5 | O3: 11.5 | P3: Erdgas/Wasserstoff | Q3: 11.5 | R3: Wasserstoff
A4: SEE967194778880 | B4: Nord | C4: DREWAG Stadtwerke Dresden GmbH | D4: HKW Dresden-Nossener Bruecke | E4: GT1 | F4: Erdgas | G4: GuD | H4: ja | I4: 01169 | J4: Dresden | K4: Sachsen | L4: 1995 | M4: In Betrieb | N4: 62 | O4: 62 | P4: Erdgas/Wasserstoff | Q4: 62 | R4: Wasserstoff
A5: SEE968254365774 | B5: Nord | C5: DREWAG Stadtwerke Dresden GmbH | D5: HKW Dresden-Nossener Bruecke | E5: GT2 | F5: Erdgas | G5: GuD | H5: ja | I5: 01169 | J5: Dresden | K5: Sachsen | L5: 1995 | M5: In Betrieb | N5: 62 | O5: 62 | P5: Erdgas/Wasserstoff | Q5: 62 | R5: Wasserstoff
A6: SEE901410470721 | B6: Nord | C6: DREWAG Stadtwerke Dresden GmbH | D6: HKW Dresden-Nossener Bruecke | E6: GT3 | F6: Erdgas | G6: GuD | H6: ja | I6: 01169 | J6: Dresden | K6: Sachsen | L6: 1995 | M6: In Betrieb | N6: 62 | O6: 62 | P6: Erdgas/Wasserstoff | Q6: 62 | R6: Wasserstoff
A7: SEE950477241393 | B7: Nord | C7: DREWAG Stadtwerke Dresden GmbH | D7: HKW Dresden-Nossener Bruecke | E7: DT | F7: Erdgas | G7: GuD | H7: ja | I7: 01169 | J7: Dresden | K7: Sachsen | L7: 1995 | M7: In Betrieb | N7: 74 | O7: 74 | P7: Erdgas/Wasserstoff | Q7: 74 | R7: Wasserstoff
A8: SEE965660903200 | B8: Nord | C8: DREWAG - Stadtwerke Dresden GmbH | D8: Gasmotoren-HKW Dresden-Reick | E8: Aggregat 1 | F8: Erdgas | G8: Verbrennungsmotor | H8: ja | I8: 01237 | J8: Dresden | K8: Sachsen | L8: 2022 | M8: In Betrieb | N8: 11.5 | O8: 11.5 | P8: Erdgas/Wasserstoff | Q8: 11.5 | R8: Wasserstoff
A9: SEE985036646654 | B9: Nord | C9: DREWAG - Stadtwerke Dresden GmbH | D9: Gasmotoren-HKW Dresden-Reick | E9: Aggregat 2 | F9: Erdgas | G9: Verbrennungsmotor | H9: ja | I9: 01237 | J9: Dresden | K9: Sachsen | L9: 2022 | M9: In Betrieb | N9: 11.5 | O9: 11.5 | P9: Erdgas/Wasserstoff | Q9: 11.5 | R9: Wasserstoff
A10: SEE930647914081 | B10: Nord | C10: DREWAG - Stadtwerke Dresden GmbH | D10: Gasmotoren-HKW Dresden-Reick | E10: Aggregat 3 | F10: Erdgas | G10: Verbrennungsmotor | H10: ja | I10: 01237 | J10: Dresden | K10: Sachsen | L10: 2022 | M10: In Betrieb | N10: 11.5 | O10: 11.5 | P10: Erdgas/Wasserstoff | Q10: 11.5 | R10: Wasserstoff
A11: SEE962395118756 | B11: Nord | C11: DREWAG - Stadtwerke Dresden GmbH | D11: Gasmotoren-HKW Dresden-Reick | E11: Aggregat 4 | F11: Erdgas | G11: Verbrennungsmotor | H11: ja | I11: 01237 | J11: Dresden | K11: Sachsen | L11: 2022 | M11: In Betrieb | N11: 11.5 | O11: 11.5 | P11: Erdgas/Wasserstoff | Q11: 11.5 | R11: Wasserstoff
A12: SEE911764038249 | B12: Süd | C12: Uniper Kraftwerke GmbH | D12: Franken 1 | E12: DT 1 | F12: Erdgas | G12: Dampfturbine | H12: nein | I12: 90449 | J12: Nuernberg | K12: Bayern | L12: 1973 | M12: In Betrieb | N12: 383 | O12: 383 | P12: Erdgas/Wasserstoff | Q12: 383 | R12: Wasserstoff
A13: SEE948129095272 | B13: Süd | C13: Uniper Kraftwerke GmbH | D13: Ulrich Hartmann (Irsching) | E13: 4 | F13: Erdgas | G13: GuD | H13: nein | I13: 85088 | J13: Vohburg | K13: Bayern | L13: 2011 | M13: In Betrieb | N13: 561 | O13: 561 | P13: Erdgas/Wasserstoff | Q13: 561 | R13: Wasserstoff
A14: SEE933021962319 | B14: Nord | C14: Uniper Kraftwerke GmbH | D14: Waldeck 2 | E14: Maschine 5 | F14: Wasser | G14: Pumpspeicher | H14: nein | I14: 34549 | J14: Edertal Hemfurth-Edersee | K14: Hessen | L14: 1974 | M14: In Betrieb | N14: 240 | O14: 240 | P14: Wasser | Q14: 240 | R14: Wasser
A15: SEE996080766151 | B15: Nord | C15: Uniper Kraftwerke GmbH | D15: Waldeck 2 | E15: Maschine 6 | F15: Wasser | G15: Pumpspeicher | H15: nein | I15: 34549 | J15: Edertal Hemfurth-Edersee | K15: Hessen | L15: 1974 | M15: In Betrieb | N15: 240 | O15: 240 | P15: Wasser | Q15: 240 | R15: Wasser
A16: SEE974201537415 | B16: Nord | C16: Uniper Kraftwerke GmbH | D16: Huntorf | E16: NV | F16: Erdgas | G16: Gasturbine | H16: nein | I16: 26931 | J16: Elsfleth | K16: Niedersachsen | L16: 1978 | M16: In Betrieb | N16: 321 | O16: 321 | P16: Erdgas/Wasserstoff | Q16: 321 | R16: Wasserstoff
A17: SEE924562445072 | B17: Nord | C17: DREWAG - Stadtwerke Dresden GmbH | D17: Gasmotoren-HKW Dresden-Reick | E17: Aggregat 5 | F17: Erdgas | G17: Verbrennungsmotor | H17: ja | I17: 01237 | J17: Dresden | K17: Sachsen | L17: 2022 | M17: In Betrieb | N17: 11.5 | O17: 11.5 | P17: Erdgas/Wasserstoff | Q17: 11.5 | R17: Wasserstoff
A18: SEE963438570067 | B18: Nord | C18: DREWAG - Stadtwerke Dresden GmbH | D18: Gasmotoren-HKW Dresden-Reick | E18: Aggregat 6 | F18: Erdgas | G18: Verbrennungsmotor | H18: ja | I18: 01237 | J18: Dresden | K18: Sachsen | L18: 2022 | M18: In Betrieb | N18: 11.5 | O18: 11.5 | P18: Erdgas/Wasserstoff | Q18: 11.5 | R18: Wasserstoff
A19: SEE939899660715 | B19: Nord | C19: DREWAG - Stadtwerke Dresden GmbH | D19: Gasmotoren-HKW Dresden-Reick | E19: Aggregat 7 | F19: Erdgas | G19: Verbrennungsmotor | H19: ja | I19: 01237 | J19: Dresden | K19: Sachsen | L19: 2022 | M19: In Betrieb | N19: 11.5 | O19: 11.5 | P19: Erdgas/Wasserstoff | Q19: 11.5 | R19: Wasserstoff
A20: SEE923793340132 | B20: Nord | C20: DREWAG - Stadtwerke Dresden GmbH | D20: Gasmotoren-HKW Dresden-Reick | E20: Aggregat 8 | F20: Erdgas | G20: Verbrennungsmotor | H20: ja | I20: 01237 | J20: Dresden | K20: Sachsen | L20: 2022 | M20: In Betrieb | N20: 11.5 | O20: 11.5 | P20: Erdgas/Wasserstoff | Q20: 11.5 | R20: Wasserstoff
A21: SEE989200392347 | B21: Nord | C21: Sachsenmilch Leppersdorf GmbH | D21: Kraftwerk Sachsenmilch Leppersdorf Wachau | E21: GT 1 | F21: Erdgas | G21: GuD | H21: ja | I21: 01454 | J21: Wachau | K21: Sachsen | L21: 2014 | M21: In Betrieb | N21: 14.89 | O21: 14.89 | P21: Erdgas/Wasserstoff | Q21: 14.89 | R21: Wasserstoff
A22: SEE927473609168 | B22: Süd | C22: InfraServ GmbH & Co. Gendorf KG | D22: Industriepark Werk Gendorf | E22: NV | F22: Erdgas | G22: GuD | H22: ja | I22: 84508 | J22: Burgkirchen | K22: Bayern | L22: 2002 | M22: In Betrieb | N22: 73.1 | O22: 73.1 | P22: Erdgas/Wasserstoff | Q22: 73.1 | R22: Wasserstoff
A23: SEE966920434281 | B23: Nord | C23: Stadtwerke Flensburg GmbH | D23: Heizkraftwerk FL | E23: Gasturbine 12 | F23: Erdgas | G23: GuD | H23: ja | I23: 24939 | J23: Flensburg | K23: Schleswig-Holstein | L23: 2016 | M23: In Betrieb | N23: 50.1 | O23: 50.1 | P23: Erdgas/Wasserstoff | Q23: 50.1 | R23: Wasserstoff
A24: SEE937878572653 | B24: Süd | C24: Donau-Wasserkraft AG | D24: PSW Langenprozelten | E24: E F2 | F24: Wasser | G24: Pumpspeicher | H24: nein | I24: 97737 | J24: Gemünden | K24: Bayern | L24: 1974 | M24: In Betrieb | N24: 82 | O24: 82 | P24: Wasser | Q24: 82 | R24: Wasser
A25: SEE991939746742 | B25: Süd | C25: Donau-Wasserkraft AG | D25: PSW Langenprozelten | E25: E F1 | F25: Wasser | G25: Pumpspeicher | H25: nein | I25: 97737 | J25: Gemünden | K25: Bayern | L25: 1974 | M25: In Betrieb | N25: 82 | O25: 82 | P25: Wasser | Q25: 82 | R25: Wasser
A26: SEE967069763799 | B26: Süd | C26: Stadtwerke Muenchen GmbH | D26: Leitzach 1 | E26: 1 | F26: Wasser | G26: Pumpspeicher | H26: nein | I26: 83620 | J26: Vagen | K26: Bayern | L26: 1983 | M26: In Betrieb | N26: 48 | O26: 48 | P26: Wasser | Q26: 48 | R26: Wasser
A27: SEE932484697615 | B27: Süd | C27: Stadtwerke Muenchen GmbH | D27: Leitzach 2 | E27: M22 | F27: Wasser | G27: Pumpspeicher | H27: nein | I27: 83620 | J27: Vagen | K27: Bayern | L27: 1960 | M27: In Betrieb | N27: 22 | O27: 22 | P27: Wasser | Q27: 22 | R27: Wasser
A28: SEE953508633730 | B28: Süd | C28: Stadtwerke Muenchen GmbH | D28: Leitzach 2 | E28: 2 | F28: Wasser | G28: Pumpspeicher | H28: nein | I28: 83620 | J28: Vagen | K28: Bayern | L28: 1960 | M28: In Betrieb | N28: 22 | O28: 22 | P28: Wasser | Q28: 22 | R28: Wasser
A29: SEE979861364876 | B29: Nord | C29: K+S Minerals and Agriculture GmbH | D29: Wintershall | E29: Kraftwerk WI DT 2.1 | F29: Erdgas | G29: Dampfturbine | H29: ja | I29: 36266 | J29: Heringen | K29: Hessen | L29: 2009 | M29: In Betrieb | N29: 52.7 | O29: 52.7 | P29: Erdgas/Wasserstoff | Q29: 52.7 | R29: Wasserstoff
A30: SEE973250051972 | B30: Nord | C30: Georg-August-Universität Göttingen Stiftung Öffentlichen Rechts | D30: HKW Goettingen | E30: NV | F30: Erdgas | G30: Gasturbine | H30: ja | I30: 37075 | J30: Göttingen | K30: Niedersachsen | L30: 1998 | M30: In Betrieb | N30: 18.8 | O30: 18.8 | P30: Erdgas/Wasserstoff | Q30: 18.8 | R30: Wasserstoff
A31: SEE912764206645 | B31: Süd | C31: Erlanger Stadtwerke AG | D31: HKW Erlangen | E31: GuD I | F31: Erdgas | G31: GuD | H31: ja | I31: 91052 | J31: Erlangen | K31: Bayern | L31: 2005 | M31: In Betrieb | N31: 21.6 | O31: 21.6 | P31: Erdgas/Wasserstoff | Q31: 21.6 | R31: Wasserstoff
A32: SEE904662075126 | B32: Nord | C32: Sachsenmilch Leppersdorf GmbH | D32: Kraftwerk Sachsenmilch Leppersdorf Wachau | E32: GT 2 | F32: Erdgas | G32: GuD | H32: ja | I32: 01454 | J32: Wachau | K32: Sachsen | L32: 2014 | M32: In Betrieb | N32: 14.89 | O32: 14.89 | P32: Erdgas/Wasserstoff | Q32: 14.89 | R32: Wasserstoff
A33: SEE917568874298 | B33: Nord | C33: Sachsenmilch Leppersdorf GmbH | D33: Kraftwerk Sachsenmilch Leppersdorf Wachau | E33: DT | F33: Erdgas | G33: GuD | H33: ja | I33: 01454 | J33: Wachau | K33: Sachsen | L33: 2014 | M33: In Betrieb | N33: 5.9 | O33: 5.9 | P33: Erdgas/Wasserstoff | Q33: 5.9 | R33: Wasserstoff
A34: SEE914224312040 | B34: Nord | C34: Global Foundries Dresden Module Two LLC | D34: Gasmotoren Blockheizkraftwerk I | E34: Generator 1 | F34: Erdgas | G34: Verbrennungsmotor | H34: ja | I34: 01468 | J34: Moritzburg | K34: Sachsen | L34: 1998 | M34: In Betrieb | N34: 3.9 | O34: 3.9 | P34: Erdgas/Wasserstoff | Q34: 3.9 | R34: Wasserstoff
A35: SEE932664806912 | B35: Nord | C35: Global Foundries Dresden Module Two LLC | D35: Gasmotoren Blockheizkraftwerk I | E35: Generator 2 | F35: Erdgas | G35: Verbrennungsmotor | H35: ja | I35: 01468 | J35: Moritzburg | K35: Sachsen | L35: 1998 | M35: In Betrieb | N35: 3.9 | O35: 3.9 | P35: Erdgas/Wasserstoff | Q35: 3.9 | R35: Wasserstoff
A36: SEE987679030500 | B36: Nord | C36: Global Foundries Dresden Module Two LLC | D36: Gasmotoren Blockheizkraftwerk I | E36: Generator 3 | F36: Erdgas | G36: Verbrennungsmotor | H36: ja | I36: 01468 | J36: Moritzburg | K36: Sachsen | L36: 1998 | M36: In Betrieb | N36: 3.9 | O36: 3.9 | P36: Erdgas/Wasserstoff | Q36: 3.9 | R36: Wasserstoff
A37: SEE923918497345 | B37: Nord | C37: Global Foundries Dresden Module Two LLC | D37: Gasmotoren Blockheizkraftwerk I | E37: Generator 4 | F37: Erdgas | G37: Verbrennungsmotor | H37: ja | I37: 01468 | J37: Moritzburg | K37: Sachsen | L37: 1998 | M37: In Betrieb | N37: 3.9 | O37: 3.9 | P37: Erdgas/Wasserstoff | Q37: 3.9 | R37: Wasserstoff
A38: SEE903406002589 | B38: Nord | C38: Global Foundries Dresden Module Two LLC | D38: Gasmotoren Blockheizkraftwerk I | E38: Generator 5 | F38: Erdgas | G38: Verbrennungsmotor | H38: ja | I38: 01468 | J38: Moritzburg | K38: Sachsen | L38: 1998 | M38: In Betrieb | N38: 3.9 | O38: 3.9 | P38: Erdgas/Wasserstoff | Q38: 3.9 | R38: Wasserstoff
A39: SEE956441736957 | B39: Nord | C39: Global Foundries Dresden Module Two LLC | D39: Gasmotoren Blockheizkraftwerk I | E39: Generator 6 | F39: Erdgas | G39: Verbrennungsmotor | H39: ja | I39: 01468 | J39: Moritzburg | K39: Sachsen | L39: 1998 | M39: In Betrieb | N39: 3.9 | O39: 3.9 | P39: Erdgas/Wasserstoff | Q39: 3.9 | R39: Wasserstoff
A40: SEE972526098451 | B40: Süd | C40: Stadtwerke Würzburg AG | D40: Heizkraftwerke an der Friedensbruecke | E40: TSIII | F40: Erdgas | G40: GuD | H40: ja | I40: 97080 | J40: Wuerzburg | K40: Bayern | L40: 1971 | M40: In Betrieb | N40: 23 | O40: 23 | P40: Erdgas/Wasserstoff | Q40: 23 | R40: Wasserstoff
A41: SEE910471578864 | B41: Süd | C41: Stadtwerke Würzburg AG | D41: Heizkraftwerke an der Friedensbruecke | E41: TSII | F41: Erdgas | G41: GuD | H41: ja | I41: 97080 | J41: Wuerzburg | K41: Bayern | L41: 1993 | M41: In Betrieb | N41: 25 | O41: 25 | P41: Erdgas/Wasserstoff | Q41: 25 | R41: Wasserstoff
A42: SEE944095305490 | B42: Süd | C42: Stadtwerke Würzburg AG | D42: Heizkraftwerke an der Friedensbruecke | E42: GTII | F42: Erdgas | G42: GuD | H42: ja | I42: 97080 | J42: Wuerzburg | K42: Bayern | L42: 2009 | M42: In Betrieb | N42: 30 | O42: 30 | P42: Erdgas/Wasserstoff | Q42: 30 | R42: Wasserstoff
A43: SEE967844487346 | B43: Süd | C43: Stadtwerke Würzburg AG | D43: Heizkraftwerke an der Friedensbruecke | E43: GTI | F43: Erdgas | G43: GuD | H43: ja | I43: 97080 | J43: Wuerzburg | K43: Bayern | L43: 2005 | M43: In Betrieb | N43: 51 | O43: 51 | P43: Erdgas/Wasserstoff | Q43: 51 | R43: Wasserstoff
A44: SEE921399860047 | B44: Süd | C44: Stadtwerke Rosenheim GmbH & Co. KG | D44: Gasmotore | E44: GM2 | F44: Erdgas | G44: Verbrennungsmotor | H44: ja | I44: 83022 | J44: Rosenheim | K44: Bayern | L44: 2011 | M44: In Betrieb | N44: 3.28 | O44: 3.28 | P44: Erdgas/Wasserstoff | Q44: 3.28 | R44: Wasserstoff
A45: SEE945563004310 | B45: Süd | C45: Stadtwerke Rosenheim GmbH & Co. KG | D45: Gasmotore | E45: GM3 | F45: Erdgas | G45: Verbrennungsmotor | H45: ja | I45: 83022 | J45: Rosenheim | K45: Bayern | L45: 2011 | M45: In Betrieb | N45: 3.28 | O45: 3.28 | P45: Erdgas/Wasserstoff | Q45: 3.28 | R45: Wasserstoff
A46: SEE994210380116 | B46: Nord | C46: Städtische Werke Energie + Wärme GmbH | D46: Kombi-HKW | E46: DT | F46: Erdgas | G46: GuD | H46: ja | I46: 34134 | J46: Kassel | K46: Hessen | L46: 1988 | M46: In Betrieb | N46: 9.76 | O46: 9.76 | P46: Erdgas/Wasserstoff | Q46: 9.76 | R46: Wasserstoff
A47: SEE919296928137 | B47: Süd | C47: Kraftwerk Obernburg GmbH | D47: Sammelschienen-Kraftwerk Gas- und Dampfturbinen | E47: NV | F47: Erdgas | G47: GuD | H47: ja | I47: 63784 | J47: Obernburg | K47: Bayern | L47: 1956 | M47: In Betrieb | N47: 112 | O47: 112 | P47: Erdgas/Wasserstoff | Q47: 112 | R47: Wasserstoff
A48: SEE950201173198 | B48: Nord | C48: swb Entsorgung GmbH & Co. KG | D48: MHKW | E48: Gen4 | F48: Abfall | G48: Dampfturbine | H48: ja | I48: 28219 | J48: Bremen | K48: Bremen | L48: 2012 | M48: In Betrieb | N48: 49.2 | O48: 49.2 | P48: Abfall | Q48: 49.2 | R48: Abfall
A49: SEE986413873564 | B49: Nord | C49: swb Entsorgung GmbH & Co. KG | D49: MHKW | E49: Gen2 | F49: Abfall | G49: Dampfturbine | H49: ja | I49: 28219 | J49: Bremen | K49: Bremen | L49: 2012 | M49: In Betrieb | N49: 13.3 | O49: 13.3 | P49: Abfall | Q49: 13.3 | R49: Abfall
A50: SEE972694764301 | B50: Nord | C50: swb Entsorgung GmbH & Co. KG | D50: MHKW | E50: Gen1 | F50: Abfall | G50: Dampfturbine | H50: ja | I50: 28219 | J50: Bremen | K50: Bremen | L50: 2012 | M50: In Betrieb | N50: 2.6 | O50: 2.6 | P50: Abfall | Q50: 2.6 | R50: Abfall
A51: SEE927032372373 | B51: Nord | C51: Bremerhavener Entsorgungsgesellschaft mbH | D51: BEG | E51: NV | F51: Abfall | G51: Dampfturbine | H51: ja | I51: 27570 | J51: Bremerhaven | K51: Bremen | L51: 1977 | M51: In Betrieb | N51: 14 | O51: 14 | P51: Abfall | Q51: 14 | R51: Abfall
... A64: SEE994429144455 | B64: Nord | C64: Mainova AG | D64: HKW West | E64: Block 4 | F64: Erdgas | G64: Gasturbine | H64: ja | I64: 60627 | J64: Frankfurt am Main | K64: Hessen | L64: 1994 | M64: In Betrieb | N64: 110.76 | O64: 110.76 | P64: Erdgas/Wasserstoff | Q64: 110.76 | R64: Wasserstoff
A65: SEE970377695522 | B65: Nord | C65: Global Foundries Dresden Module Two LLC | D65: Gasmotoren Blockheizkraftwerk I | E65: Generator 7 | F65: Erdgas | G65: Verbrennungsmotor | H65: ja | I65: 01468 | J65: Moritzburg | K65: Sachsen | L65: 1998 | M65: In Betrieb | N65: 3.9 | O65: 3.9 | P65: Erdgas/Wasserstoff | Q65: 3.9 | R65: Wasserstoff
A66: SEE922981583535 | B66: Nord | C66: Stadtwerke Lemgo GmbH | D66: HKW-West | E66: NV | F66: Erdgas | G66: Gasturbine | H66: ja | I66: 32657 | J66: Lemgo | K66: Nordrhein-Westfalen | L66: 1988 | M66: In Betrieb | N66: 5.1 | O66: 5.1 | P66: Erdgas/Wasserstoff | Q66: 5.1 | R66: Wasserstoff
A67: SEE989202977269 | B67: Nord | C67: Gemeinschaftskraftwerk Bremen GmbH und Co. KG | D67: KW Mittelsbueren | E67: GuD MiBue | F67: Erdgas | G67: GuD | H67: nein | I67: 28237 | J67: Bremen | K67: Bremen | L67: 2016 | M67: In Betrieb | N67: 444.5 | O67: 444.5 | P67: Erdgas/Wasserstoff | Q67: 444.5 | R67: Wasserstoff
A68: SEE912906399075 | B68: Süd | C68: Palm Power GmbH & Co. KG | D68: HKW Eltmann | E68: HKW Eltmann | F68: Erdgas | G68: GuD | H68: ja | I68: 97483 | J68: Eltmann | K68: Bayern | L68: 2021 | M68: In Betrieb | N68: 62.8 | O68: 62.8 | P68: Erdgas/Wasserstoff | Q68: 62.8 | R68: Wasserstoff
A69: SEE920864082298 | B69: Nord | C69: Dow Deutschland Anlagengesellschaft mbH | D69: Dow Stade | E69: 01 Std GT1 | F69: Erdgas | G69: GuD | H69: ja | I69: 21683 | J69: Stade | K69: Niedersachsen | L69: 2014 | M69: In Betrieb | N69: 44.98 | O69: 44.98 | P69: Erdgas/Wasserstoff | Q69: 44.98 | R69: Wasserstoff
A70: SEE926897163430 | B70: Nord | C70: Dow Deutschland Anlagengesellschaft mbH | D70: Dow Stade | E70: 01 Std GT2 | F70: Erdgas | G70: GuD | H70: ja | I70: 21683 | J70: Stade | K70: Niedersachsen | L70: 2014 | M70: In Betrieb | N70: 44.98 | O70: 44.98 | P70: Erdgas/Wasserstoff | Q70: 44.98 | R70: Wasserstoff
A71: SEE964077382691 | B71: Nord | C71: Dow Deutschland Anlagengesellschaft mbH | D71: Dow Stade | E71: 01 Std GT3 | F71: Erdgas | G71: GuD | H71: ja | I71: 21683 | J71: Stade | K71: Niedersachsen | L71: 2014 | M71: In Betrieb | N71: 44.98 | O71: 44.98 | P71: Erdgas/Wasserstoff | Q71: 44.98 | R71: Wasserstoff
A72: SEE970688261195 | B72: Nord | C72: Dow Deutschland Anlagengesellschaft mbH | D72: Dow Stade | E72: 01 Std ST1 | F72: Erdgas | G72: GuD | H72: ja | I72: 21683 | J72: Stade | K72: Niedersachsen | L72: 2014 | M72: In Betrieb | N72: 14 | O72: 14 | P72: Erdgas/Wasserstoff | Q72: 14 | R72: Wasserstoff
A73: SEE954183997452 | B73: Nord | C73: Dow Deutschland Anlagengesellschaft mbH | D73: Dow Stade | E73: 01 Std ST2 | F73: Erdgas | G73: GuD | H73: ja | I73: 21683 | J73: Stade | K73: Niedersachsen | L73: 2014 | M73: In Betrieb | N73: 13 | O73: 13 | P73: Erdgas/Wasserstoff | Q73: 13 | R73: Wasserstoff
A74: SEE998387657606 | B74: Nord | C74: Volkswagen AG | D74: GuD Baunatal, VW Werksgelaende | E74: Dampfturbine | F74: Erdgas | G74: GuD | H74: ja | I74: 34225 | J74: Baunatal | K74: Hessen | L74: 2013 | M74: In Betrieb | N74: 29.3 | O74: 29.3 | P74: Erdgas/Wasserstoff | Q74: 29.3 | R74: Wasserstoff
A75: SEE961847934449 | B75: Nord | C75: Volkswagen AG | D75: GuD Baunatal, VW Werksgelaende | E75: Gasturbine | F75: Erdgas | G75: GuD | H75: ja | I75: 34225 | J75: Baunatal | K75: Hessen | L75: 2013 | M75: In Betrieb | N75: 45.07 | O75: 45.07 | P75: Erdgas/Wasserstoff | Q75: 45.07 | R75: Wasserstoff
A76: SEE989834346082 | B76: Nord | C76: Aluminium Oxid Stade GmbH | D76: KWK AOS GmbH | E76: GT 2 | F76: Erdgas | G76: Gasturbine | H76: ja | I76: 21683 | J76: Stade- Buetzfleth | K76: Niedersachsen | L76: 2012 | M76: In Betrieb | N76: 15.36 | O76: 15.36 | P76: Erdgas/Wasserstoff | Q76: 15.36 | R76: Wasserstoff
A77: SEE917497526305 | B77: Nord | C77: Aluminium Oxid Stade GmbH | D77: KWK AOS GmbH | E77: GT 1 | F77: Erdgas | G77: Gasturbine | H77: ja | I77: 21683 | J77: Stade- Buetzfleth | K77: Niedersachsen | L77: 2012 | M77: In Betrieb | N77: 15.36 | O77: 15.36 | P77: Erdgas/Wasserstoff | Q77: 15.36 | R77: Wasserstoff
... A91: SEE916865356940 | B91: Nord | C91: K+S AG | D91: Hattorf | E91: HA GT4 | F91: Erdgas | G91: GuD | H91: ja | I91: 36269 | J91: Philippsthal | K91: Hessen | L91: 2012 | M91: In Betrieb | N91: 32 | O91: 32 | P91: Erdgas/Wasserstoff | Q91: 32 | R91: Wasserstoff
A92: SEE992079247007 | B92: Nord | C92: Global Foundries Dresden Module Two LLC | D92: Gasmotoren Blockheizkraftwerk I | E92: Generator 8 | F92: Erdgas | G92: Verbrennungsmotor | H92: ja | I92: 01468 | J92: Moritzburg | K92: Sachsen | L92: 1998 | M92: In Betrieb | N92: 3.9 | O92: 3.9 | P92: Erdgas/Wasserstoff | Q92: 3.9 | R92: Wasserstoff
A93: SEE949201577754 | B93: Süd | C93: Terminal 2 Gesellschaft mbH & Co oHG | D93: Erweiterung Energiezentrale 2003 | E93: BHKW M9 | F93: Erdgas | G93: Verbrennungsmotor | H93: ja | I93: 85326 | J93: München | K93: Bayern | L93: 2003 | M93: In Betrieb | N93: 3.81 | O93: 3.81 | P93: Erdgas/Wasserstoff | Q93: 3.81 | R93: Wasserstoff
A94: SEE946394519998 | B94: Süd | C94: Terminal 2 Gesellschaft mbH & Co oHG | D94: Erweiterung Energiezentrale 2003 | E94: BHKW M8 | F94: Erdgas | G94: Verbrennungsmotor | H94: ja | I94: 85326 | J94: München | K94: Bayern | L94: 2003 | M94: In Betrieb | N94: 3.81 | O94: 3.81 | P94: Erdgas/Wasserstoff | Q94: 3.81 | R94: Wasserstoff
A95: SEE995527175044 | B95: Nord | C95: Global Foundries Dresden Module Two LLC | D95: Gasmotoren Blockheizkraftwerk I | E95: Generator 9 | F95: Erdgas | G95: Verbrennungsmotor | H95: ja | I95: 01468 | J95: Moritzburg | K95: Sachsen | L95: 1998 | M95: In Betrieb | N95: 3.9 | O95: 3.9 | P95: Erdgas/Wasserstoff | Q95: 3.9 | R95: Wasserstoff
A96: SEE917110358740 | B96: Nord | C96: Steinbeis Energie GmbH | D96: Steinbeis Energie | E96: NV | F96: Abfall | G96: Dampfturbine | H96: ja | I96: 25348 | J96: Glueckstadt | K96: Schleswig-Holstein | L96: 2010 | M96: In Betrieb | N96: 17 | O96: 17 | P96: Abfall | Q96: 17 | R96: Abfall
A97: SEE971876915975 | B97: Nord | C97: Global Foundries Dresden Module One LLC | D97: Blockheizkraftwerk 2 | E97: Generator 1 | F97: Erdgas | G97: Verbrennungsmotor | H97: ja | I97: 01468 | J97: Moritzburg | K97: Sachsen | L97: 2005 | M97: In Betrieb | N97: 3.8 | O97: 3.8 | P97: Erdgas/Wasserstoff | Q97: 3.8 | R97: Wasserstoff
A98: SEE921008505376 | B98: Nord | C98: Global Foundries Dresden Module One LLC | D98: Blockheizkraftwerk 2 | E98: Generator 2 | F98: Erdgas | G98: Verbrennungsmotor | H98: ja | I98: 01468 | J98: Moritzburg | K98: Sachsen | L98: 2005 | M98: In Betrieb | N98: 3.8 | O98: 3.8 | P98: Erdgas/Wasserstoff | Q98: 3.8 | R98: Wasserstoff
A99: SEE957952105034 | B99: Süd | C99: Molkerei MEGGLE Wasserburg GmbH & Co. KG | D99: Kraftwerk Meggle | E99: NV | F99: Erdgas | G99: GuD | H99: ja | I99: 83512 | J99: Reitmehring | K99: Bayern | L99: 2000 | M99: In Betrieb | N99: 13.6 | O99: 13.6 | P99: Erdgas/Wasserstoff | Q99: 13.6 | R99: Wasserstoff
A100: SEE923412553844 | B100: Nord | C100: DREWSEN SPEZIALPAPIERE GmbH & Co. KG | D100: GUD-Anlage DREWSEN | E100: Dampfturbine | F100: Erdgas | G100: GuD | H100: ja | I100: 29331 | J100: Lachendorf | K100: Niedersachsen | L100: 2000 | M100: In Betrieb | N100: 9 | O100: 9 | P100: Erdgas/Wasserstoff | Q100: 9 | R100: Wasserstoff
A101: SEE957201039868 | B101: Nord | C101: DREWSEN SPEZIALPAPIERE GmbH & Co. KG | D101: GUD-Anlage DREWSEN | E101: Gasturbine | F101: Erdgas | G101: GuD | H101: ja | I101: 29331 | J101: Lachendorf | K101: Niedersachsen | L101: 2000 | M101: In Betrieb | N101: 7 | O101: 7 | P101: Erdgas/Wasserstoff | Q101: 7 | R101: Wasserstoff
A102: SEE916894674336 | B102: Nord | C102: Global Foundries Dresden Module One LLC | D102: Blockheizkraftwerk 2 | E102: Generator 3 | F102: Erdgas | G102: Verbrennungsmotor | H102: ja | I102: 01468 | J102: Moritzburg | K102: Sachsen | L102: 2005 | M102: In Betrieb | N102: 3.8 | O102: 3.8 | P102: Erdgas/Wasserstoff | Q102: 3.8 | R102: Wasserstoff
A103: SEE903702464654 | B103: Nord | C103: Papier- u. Kartonfabrik Varel GmbH & Co. KG | D103: PKV Kraftwerk | E103: GT 5 | F103: Erdgas | G103: GuD | H103: ja | I103: 26316 | J103: Varel | K103: Niedersachsen | L103: 1989 | M103: In Betrieb | N103: 5.2 | O103: 5.2 | P103: Erdgas/Wasserstoff | Q103: 5.2 | R103: Wasserstoff
A104: SEE980976424690 | B104: Nord | C104: Papier- u. Kartonfabrik Varel GmbH & Co. KG | D104: PKV Kraftwerk | E104: GT 6 | F104: Erdgas | G104: GuD | H104: ja | I104: 26316 | J104: Varel | K104: Niedersachsen | L104: 1989 | M104: In Betrieb | N104: 7.66 | O104: 7.66 | P104: Erdgas/Wasserstoff | Q104: 7.66 | R104: Wasserstoff
A105: SEE995754822537 | B105: Nord | C105: Papier- u. Kartonfabrik Varel GmbH & Co. KG | D105: PKV Kraftwerk | E105: GT 8a | F105: Erdgas | G105: GuD | H105: ja | I105: 26316 | J105: Varel | K105: Niedersachsen | L105: 1989 | M105: In Betrieb | N105: 6.13 | O105: 6.13 | P105: Erdgas/Wasserstoff | Q105: 6.13 | R105: Wasserstoff
A106: SEE961202959384 | B106: Nord | C106: Papier- u. Kartonfabrik Varel GmbH & Co. KG | D106: PKV Kraftwerk | E106: GT 8b | F106: Erdgas | G106: GuD | H106: ja | I106: 26316 | J106: Varel | K106: Niedersachsen | L106: 1989 | M106: In Betrieb | N106: 6.13 | O106: 6.13 | P106: Erdgas/Wasserstoff | Q106: 6.13 | R106: Wasserstoff
A107: SEE953784241926 | B107: Nord | C107: Papier- u. Kartonfabrik Varel GmbH & Co. KG | D107: PKV Kraftwerk | E107: DT 9 | F107: Erdgas | G107: GuD | H107: ja | I107: 26316 | J107: Varel | K107: Niedersachsen | L107: 1989 | M107: In Betrieb | N107: 13.17 | O107: 13.17 | P107: Erdgas/Wasserstoff | Q107: 13.17 | R107: Wasserstoff
A108: SEE927766801477 | B108: Nord | C108: Papier- u. Kartonfabrik Varel GmbH & Co. KG | D108: PKV Kraftwerk | E108: DT 11 | F108: Erdgas | G108: GuD | H108: ja | I108: 26316 | J108: Varel | K108: Niedersachsen | L108: 1989 | M108: In Betrieb | N108: 3.65 | O108: 3.65 | P108: Erdgas/Wasserstoff | Q108: 3.65 | R108: Wasserstoff
A109: SEE987913244618 | B109: Nord | C109: Papier- u. Kartonfabrik Varel GmbH & Co. KG | D109: PKV Kraftwerk | E109: DT 7 | F109: Erdgas | G109: GuD | H109: ja | I109: 26316 | J109: Varel | K109: Niedersachsen | L109: 1989 | M109: In Betrieb | N109: 12.03 | O109: 12.03 | P109: Erdgas/Wasserstoff | Q109: 12.03 | R109: Wasserstoff
A110: SEE927766801477 | B110: Nord | C110: Papier- u. Kartonfabrik Varel GmbH & Co. KG | D110: PKV Kraftwerk | E110: DT 13 | F110: Erdgas | G110: GuD | H110: ja | I110: 26316 | J110: Varel | K110: Niedersachsen | L110: 1989 | M110: In Betrieb | N110: 3.65 | O110: 3.65 | P110: Erdgas/Wasserstoff | Q110: 3.65 | R110: Wasserstoff
A111: SEE915604855232 | B111: Süd | C111: DS Smith Paper Deutschland GmbH | D111: GuD-Anlage | E111: GuD-Anlage | F111: Erdgas | G111: GuD | H111: ja | I111: 63741 | J111: Aschaffenburg | K111: Bayern | L111: 2013 | M111: In Betrieb | N111: 31.55 | O111: 31.55 | P111: Erdgas/Wasserstoff | Q111: 31.55 | R111: Wasserstoff
A112: SEE971995083203 | B112: Nord | C112: Volkswagen AG | D112: BHKW Braunschweig | E112: BHKW Braunschweig | F112: Erdgas | G112: Verbrennungsmotor | H112: ja | I112: 38436 | J112: Wolfsburg | K112: Niedersachsen | L112: 2015 | M112: In Betrieb | N112: 10.4 | O112: 10.4 | P112: Erdgas/Wasserstoff | Q112: 10.4 | R112: Wasserstoff
A113: SEE976877764072 | B113: Süd | C113: Flughafen Muenchen GmbH | D113: Energiezentrale 2016 | E113: BHKW2-GOM 2 | F113: Erdgas | G113: Verbrennungsmotor | H113: ja | I113: 85326 | J113: München | K113: Bayern | L113: 2015 | M113: In Betrieb | N113: 4.21 | O113: 4.21 | P113: Erdgas/Wasserstoff | Q113: 4.21 | R113: Wasserstoff
A114: SEE925705511180 | B114: Süd | C114: Flughafen Muenchen GmbH | D114: Energiezentrale 2016 | E114: BHKW2-GOM 3 | F114: Erdgas | G114: Verbrennungsmotor | H114: ja | I114: 85326 | J114: München | K114: Bayern | L114: 2015 | M114: In Betrieb | N114: 4.21 | O114: 4.21 | P114: Erdgas/Wasserstoff | Q114: 4.21 | R114: Wasserstoff
... A119: SEE997682781566 | B119: Süd | C119: HBB Heizkraftwerk Bauernfeind Betreibergesellschaft mbh | D119: HBB | E119: GUD | F119: Erdgas | G119: GuD | H119: ja | I119: 83064 | J119: Raubling | K119: Bayern | L119: 2001 | M119: In Betrieb | N119: 6 | O119: 6 | P119: Erdgas/Wasserstoff | Q119: 6 | R119: Wasserstoff
A120: SEE910080930862 | B120: Nord | C120: Global Foundries Dresden Module One LLC | D120: Blockheizkraftwerk 2 | E120: Generator 4 | F120: Erdgas | G120: Verbrennungsmotor | H120: ja | I120: 01468 | J120: Moritzburg | K120: Sachsen | L120: 2005 | M120: In Betrieb | N120: 3.8 | O120: 3.8 | P120: Erdgas/Wasserstoff | Q120: 3.8 | R120: Wasserstoff
A121: SEE988841475051 | B121: Nord | C121: B+T Energie GmbH | D121: EBS-Kraftwerk Witzenhausen | E121: NV | F121: Abfall | G121: Dampfturbine | H121: ja | I121: 37213 | J121: Witzenhausen | K121: Hessen | L121: 2009 | M121: In Betrieb | N121: 28 | O121: 28 | P121: Abfall | Q121: 28 | R121: Abfall
A122: NV | B122: Süd | C122: Pumpspeicherwerk Einöden GmbH | D122: Einoeden | E122: Pumpspeicherwerk Einoeden | F122: Wasser | G122: Pumpspeicher | H122: nein | I122: 83126 | J122: Flintsbach am Inn | K122: Bayern | L122: 2029 | M122: In Planung | N122: 150 | O122: 150 | P122: Wasser | Q122: 150 | R122: Wasser
A123: SEE987326760026 | B123: Nord | C123: Nordzucker AG, Werk Clauen | D123: Werk Clauen | E123: NV | F123: Erdgas | G123: Gasturbine | H123: ja | I123: 31249 | J123: Hohenhameln | K123: Niedersachsen | L123: 2000 | M123: In Betrieb | N123: 17.7 | O123: 17.7 | P123: Erdgas/Wasserstoff | Q123: 17.7 | R123: Wasserstoff
A124: SEE999181532861 | B124: Nord | C124: Stadtwerke Kiel AG | D124: HKWH | E124: HKWH Gasturbine 5 | F124: Erdgas | G124: Gasturbine | H124: ja | I124: 24149 | J124: Kiel | K124: Schleswig-Holstein | L124: 2019 | M124: In Betrieb | N124: 5.4 | O124: 5.4 | P124: Erdgas/Wasserstoff | Q124: 5.4 | R124: Wasserstoff
A125: SEE989392899242 | B125: Nord | C125: Stadtwerke Kiel AG | D125: HKWH | E125: HKWH Gasturbine 7 | F125: Erdgas | G125: Gasturbine | H125: ja | I125: 24149 | J125: Kiel | K125: Schleswig-Holstein | L125: 2019 | M125: In Betrieb | N125: 5.34 | O125: 5.34 | P125: Erdgas/Wasserstoff | Q125: 5.34 | R125: Wasserstoff
A126: SEE963125615224 | B126: Nord | C126: Stadtwerke Kiel AG | D126: Kuestenkraftwerk K.I.E.L. | E126: Motor 14 | F126: Erdgas | G126: Verbrennungsmotor | H126: ja | I126: 24149 | J126: Kiel | K126: Schleswig-Holstein | L126: 2019 | M126: In Betrieb | N126: 9.46 | O126: 9.46 | P126: Erdgas/Wasserstoff | Q126: 9.46 | R126: Wasserstoff
A127: SEE937791832391 | B127: Nord | C127: Stadtwerke Kiel AG | D127: Kuestenkraftwerk K.I.E.L. | E127: Motor 16 | F127: Erdgas | G127: Verbrennungsmotor | H127: ja | I127: 24149 | J127: Kiel | K127: Schleswig-Holstein | L127: 2019 | M127: In Betrieb | N127: 9.46 | O127: 9.46 | P127: Erdgas/Wasserstoff | Q127: 9.46 | R127: Wasserstoff
A128: SEE932569905017 | B128: Nord | C128: Stadtwerke Kiel AG | D128: Kuestenkraftwerk K.I.E.L. | E128: Motor 17 | F128: Erdgas | G128: Verbrennungsmotor | H128: ja | I128: 24149 | J128: Kiel | K128: Schleswig-Holstein | L128: 2019 | M128: In Betrieb | N128: 9.46 | O128: 9.46 | P128: Erdgas/Wasserstoff | Q128: 9.46 | R128: Wasserstoff
A129: SEE979353792927 | B129: Nord | C129: Stadtwerke Kiel AG | D129: Kuestenkraftwerk K.I.E.L. | E129: Motor 18 | F129: Erdgas | G129: Verbrennungsmotor | H129: ja | I129: 24149 | J129: Kiel | K129: Schleswig-Holstein | L129: 2019 | M129: In Betrieb | N129: 9.46 | O129: 9.46 | P129: Erdgas/Wasserstoff | Q129: 9.46 | R129: Wasserstoff
...
